Name,Description,Proposed,Game Implementation
Adaptability,Powers up moves of the same type as the Pokémon.,"PROPOSED: Add a conditional modifier to shared damage calculation for the move, type, target, and conditions described.",Powers up moves of the same type instead of a 1.5x boost it will be a 2x boost
Aerilate,Normal-type moves become Flying-type moves. The power of those moves is boosted a little.,"PROPOSED: Add a conditional modifier to shared damage calculation for the move, type, target, and conditions described.",Turns Normal-type moves into Flying-type moves (damaging moves gets a 20% damage boost)
Aftermath,Damages the attacker if it knocks out the Pokémon with a move that makes direct contact.,"PROPOSED: After contact damage, run a post-hit reaction using the described chance, status, or ability-transfer effect.",After this pokemon faints/dies deals 50% max hp damage in a 5 tile area to all enemies
Air Lock,Eliminates the effects of weather.,"PROPOSED: While deployed, suppress weather modifiers in damage, status, and turn-order calculations.","While deployed, suppress weather modifiers in damage, status, and turn-order calculations (its like the weather doesn’t exist, basically turns weather into a cosmetic)"
Analytic,Boosts the power of the Pokémon's move if it is the last to act that turn.,"PROPOSED: Add a conditional modifier to shared damage calculation for the move, type, target, and conditions described.",Boost this pokemons attacking move by 2x when it is the pokemon moving last in this cycle(this boost doesn’t apply when this pokemon has already moved this cycle)
Anger Point,"The Pokémon is angered when it takes a critical hit, and that maxes its Attack stat.",PROPOSED: Apply the described critical-hit adjustment when calculating the holder attack chance.,maxes attack(+6) after taking a critical hit
Anger Shell,"When an attack causes its HP to drop to half or less, the Pokémon gets angry. This lowers its Defense and Sp. Def stats but boosts its Attack, Sp. Atk, and Speed stats.","PROPOSED: Apply the described Speed or action-order rule in the battle scheduler, checking its stated condition.","Sharply Boost this pokemons attack, special attack, and speed by 2 stages and lowers the defense and sp defense by 1 stage when hp drops below half hp"
Anticipation,The Pokémon can sense an opposing Pokémon's dangerous moves.,"PROPOSED: On deployment, scan opposing moves and warn if a super-effective or one-hit-KO move is present.","Alerts the team if the enemy has 1 hit KO moves (Guillotine,Sheer Cold, and Fissure),also this pokemon is immune to One hit KO moves"
Arena Trap,Prevents opposing Pokémon from fleeing from battle.,"PROPOSED: Check the described immunity or prevention rule before applying the affected status, move, stat, or field effect.",Aura: Grounded Units within 5  tiles have them trapped and their movement reduced(enemies can only move to tiles within 5 tiles of the shadow tag unit once they've entered the area)
Armor Tail,The mysterious tail covering the Pokémon's head makes opponents unable to use priority moves against the Pokémon or its allies.,"PROPOSED: Apply the described Speed or action-order rule in the battle scheduler, checking its stated condition.",Reduces the range of all opponents moves by 1 tile (moves can be 1 tile range minimum)
Aroma Veil,Protects the Pokémon and its allies from effects that prevent the use of moves.,PROPOSED: Prevent move-locking or move-prevention effects from applying to this unit and adjacent allies.,"Protects allies from attacks that limit their move choices (eg. Encore, Taunt etc.)"
As One,This Ability combines the effects of both Calyrex's Unnerve Ability and Spectrier's Grim Neigh Ability.,PROPOSED: Combine Unnerve berry prevention with Grim Neigh Special Attack boosts after this unit knocks out a foe.,Combines Unnerve and Chilling Neigh
As One,This Ability combines the effects of both Calyrex's Unnerve Ability and Spectrier's Grim Neigh Ability.,PROPOSED: Combine Unnerve berry prevention with Grim Neigh Special Attack boosts after this unit knocks out a foe.,Combines Unnerve and Grim Neigh
Aura Break,The effects of “Aura” Abilities are reversed to lower the power of affected moves.,"PROPOSED: Add a conditional modifier to shared damage calculation for the move, type, target, and conditions described.","Aura Break cancels the effects of the abilities Fairy Aura and Dark Aura and instead reduces the power of Dark-type and Fairy-type moves by 25%, for all Pokémon on the field."
Aura Guard,A Pokémon with Aura Guard takes half damage from moves that make contact. Moves affected by Long Reach which make contact will deal regular damage.,"PROPOSED: After contact damage, run a post-hit reaction using the described chance, status, or ability-transfer effect.","When a Pokémon with Aura Guard is hit by a move that makes contact, its damage is reduced by 50%."
Bad Dreams,Damages opposing Pokémon that are asleep.,"PROPOSED: Add a conditional modifier to shared damage calculation for the move, type, target, and conditions described.",As long as this pokemon is in the field causes all sleeping opponents to lose 1⁄8 of their maximum HP at the end of each turn.
Ball Fetch,"If the Pokémon is not holding an item, it will fetch the Poké Ball from the first failed throw of the battle.",PROPOSED: Add a held-item trigger that checks the described condition and applies the stated item interaction.,"When another Pokémon on the field uses a single-use held item, a Pokémon with Ball Fetch will obtain the used item. If the Pokémon is not holding an item at the end of battle, gain a random held item from a curated list"
Battery,Powers up ally Pokémon's special moves.,"PROPOSED: Add a conditional modifier to shared damage calculation for the move, type, target, and conditions described.",Raises the power of all teammates' special moves by 25%
Battle Armor,Hard armor protects the Pokémon from critical hits.,PROPOSED: Prevent critical-hit bonuses in incoming damage calculation while this unit is active.,prevents critical hits from landing on this pokemon
Battle Bond,"When the Pokémon knocks out a target, its bond with its Trainer is strengthened, and its Attack, Sp. Atk, and Speed stats are boosted.","PROPOSED: Apply the described Speed or action-order rule in the battle scheduler, checking its stated condition.",
Beads of Ruin,The power of the Pokémon's ruinous beads lowers the Sp. Def stats of all Pokémon except itself.,"PROPOSED: Add a conditional modifier to shared damage calculation for the move, type, target, and conditions described.",Lowers Special Defense of all Pokémon by 25% except itself.
Beast Boost,The Pokémon boosts its most proficient stat each time it knocks out a Pokémon.,PROPOSED: Apply the described named stat modifier in battle stat calculation while its condition is active.,The Pokémon gains 1 stage boost to its most proficient stat each time it knocks out a Pokémon. 
Berserk,Boosts the Pokémon's Sp. Atk stat when it takes a hit that causes its HP to drop to half or less.,"PROPOSED: At the described trigger, raise the holder named stat through battle stat stages or an effective-stat modifier.",Berserk raises the Pokémon's Special Attack by one stage when its HP falls below 50%.
Big Pecks,Prevents the Pokémon from having its Defense stat lowered.,"PROPOSED: Check the described immunity or prevention rule before applying the affected status, move, stat, or field effect.",Big Pecks prevents the ability-bearer's Defense stat from being lowered by stages
Blaze,Powers up Fire-type moves when the Pokémon's HP is low.,CURRENT RULES: Apply the low-HP Fire damage bonus in shared damage calculation.,Blaze increases the power of Fire-type moves by 50% (1.5×) when the ability-bearer's HP falls below a third of its maximum
Bulletproof,Protects the Pokémon from ball and bomb moves.,PROPOSED: Negate bomb-tagged moves against this unit before damage or secondary effects resolve.,"Bulletproof makes the Pokémon immune to ""ball and bomb"" moves."
Cheek Pouch,"The Pokémon's HP is restored when it eats any Berry, in addition to the Berry's usual effect.",PROPOSED: Add a held-item trigger that checks the described condition and applies the stated item interaction.,"Cheek Pouch restores the bearer's HP when a Berry is consumed by 1/3 of its max HP, on top of the berry's usual effects."
Chilling Neigh,"When the Pokémon knocks out a target, it utters a chilling neigh, which boosts its Attack stat.","PROPOSED: At the described trigger, raise the holder Attack through battle stat stages or an effective-stat modifier.",Boosts Attack by 1 stage after knocking out a Pokémon. 
Chlorophyll,Boosts the Pokémon's Speed stat in harsh sunlight.,CURRENT RULES: Apply the sun-conditioned Speed multiplier in battle turn scheduling.,Doubles speed under the sun
Clear Body,Prevents other Pokémon's moves or Abilities from lowering the Pokémon's stats.,"PROPOSED: Check the described immunity or prevention rule before applying the affected status, move, stat, or field effect.",Prevents other Pokémon from lowering its stats.
Cloud Nine,Eliminates the effects of weather.,"PROPOSED: While deployed, suppress weather modifiers in damage, status, and turn-order calculations.","While deployed, suppress weather modifiers in damage, status, and turn-order calculations (its like the weather doesn’t exist, basically turns weather into a cosmetic)"
Color Change,The Pokémon’s type becomes the type of the move used on it.,"PROPOSED: After a damaging hit, change this unit battle type to the attacking move type.","changes the ability-bearer's type, when hit by a damage dealing move, to the type of that move."
Comatose,The Pokémon is always drowsing and will never wake up. It can attack while in its sleeping state.,PROPOSED: Apply the described Attack modifier in battle stat calculation while its condition is active.,"Comatose causes the Pokémon to behave as if it were asleep, though it doesn't officially have the Sleep status condition. It can still use its regular moves, but cannot be inflicted with any major status condition (sleep, poison, paralysis, burn, or freeze)."
Commander,"When the Pokémon enters a battle, it goes inside the mouth of an ally Dondozo if one is on the field. The Pokémon then issues commands from there.",PROPOSED: Apply the described field or aura effect to the stated allies or opponents while the holder is deployed.,
Competitive,Boosts the Pokémon's Sp. Atk stat sharply when its stats are lowered by an opposing Pokémon.,"PROPOSED: At the described trigger, raise the holder named stat through battle stat stages or an effective-stat modifier.",Raises Special Attack by 2 stages when the Pokémon's stats are lowered.
Compound Eyes,The Pokémon's compound eyes boost its accuracy.,PROPOSED: Increase this unit move accuracy in attack hit-chance resolution.,increases range of all attacks by 2
Contrary,Reverses any stat changes affecting the Pokémon so that attempts to boost its stats instead lower them—and attempts to lower its stats will boost them.,PROPOSED: Apply the described named stat modifier in battle stat calculation while its condition is active.,Reverses any stat changes affecting the Pokémon so that attempts to boost its stats instead lower them—and attempts to lower its stats will boost them. (+2 will become -2 and vice versa)
Corrosion,The Pokémon can poison the target even if it's a Steel or Poison type.,PROPOSED: Allow this unit poison effects to apply to Steel- and Poison-type targets.,The Pokémon can poison Steel and Poison types.
Costar,"When the Pokémon enters a battle, it copies an ally's stat changes.","PROPOSED: At the described trigger, modify the holder named stat through battle stat stages or an effective-stat modifier.",Copies ally's stat changes
Cotton Down,"When the Pokémon is hit by an attack, it scatters cotton fluff around and lowers the Speed stat of all Pokémon except itself.","PROPOSED: Add an incoming-hit hook; check the described move or damage condition, then apply its prevention, healing, or stat response.","When the Pokémon is hit by an attack, it scatters cotton fluff around and lowers the Speed stat of all Pokémon by 1 stage except itself."
Cud Chew,"When the Pokémon eats a Berry, it will regurgitate that Berry at the end of the next turn and eat it one more time.",PROPOSED: Add a held-item trigger that checks the described condition and applies the stated item interaction.,
Curious Medicine,"When the Pokémon enters a battle, it scatters medicine from its shell, which removes all stat changes from allies.","PROPOSED: At the described trigger, modify the holder named stat through battle stat stages or an effective-stat modifier.",
Cursed Body,May disable a move that has dealt damage to the Pokémon.,"PROPOSED: Add a conditional modifier to shared damage calculation for the move, type, target, and conditions described.",
Cute Charm,The Pokémon may infatuate attackers that make direct contact with it.,"PROPOSED: After contact damage, run a post-hit reaction using the described chance, status, or ability-transfer effect.",
Damp,"The Pokémon dampens its surroundings, preventing all Pokémon from using explosive moves such as Self-Destruct.","PROPOSED: While deployed, block explosive-tagged moves before the acting unit spends AP or resolves an attack.",Explosion moves cannot be used in battle as long as this pokemon is alive
Dancer,"Whenever a dance move is used in battle, the Pokémon will copy the user to immediately perform that dance move itself.","PROPOSED: After a dance-tagged move resolves, queue the same move for this unit if it can pay the AP cost.",
Dark Aura,Powers up each Pokémon’s Dark-type moves.,"PROPOSED: Add a conditional modifier to shared damage calculation for the move, type, target, and conditions described.",
Dauntless Shield,Boosts the Pokémon’s Defense stat the first time the Pokémon enters a battle.,PROPOSED: Apply the described Defense modifier in battle stat calculation while its condition is active.,
Dazzling,"The Pokémon dazzles its opponents, making them unable to use priority moves against the Pokémon or its allies.","PROPOSED: Apply the described Speed or action-order rule in the battle scheduler, checking its stated condition.",
Defeatist,Halves the Pokémon’s Attack and Sp. Atk stats when its HP becomes half or less.,"PROPOSED: At the described trigger, modify the holder Attack through battle stat stages or an effective-stat modifier.",
Defiant,"If the Pokémon has any stat lowered by an opposing Pokémon, its Attack stat will be boosted sharply.","PROPOSED: At the described trigger, raise the holder Attack through battle stat stages or an effective-stat modifier.",
Delta Stream,The Pokémon changes the weather to eliminate all of the Flying type’s weaknesses.,"PROPOSED: On deployment, set the specified weather through the battle weather-state hook.",
Desolate Land,The Pokémon changes the weather to nullify Water-type attacks.,"PROPOSED: On deployment, set the specified weather through the battle weather-state hook.",
Disguise,"Once per battle, the shroud that covers the Pokémon can protect it from an attack.",PROPOSED: Apply the described Attack modifier in battle stat calculation while its condition is active.,
Download,The Pokémon compares an opposing Pokémon's Defense and Sp. Def stats before raising its own Attack or Sp. Atk stat—whichever will be more effective.,PROPOSED: Apply the described Attack modifier in battle stat calculation while its condition is active.,
Dragon’s Maw,Powers up Dragon-type moves.,"PROPOSED: Add a conditional modifier to shared damage calculation for the move, type, target, and conditions described.",
Dragonize,The Pokémon's Normal-type moves become Dragon-type moves and their power is boosted by 20%.,"PROPOSED: Add a conditional modifier to shared damage calculation for the move, type, target, and conditions described.",
Drizzle,The Pokémon makes it rain when it enters a battle.,"PROPOSED: On deployment, set the specified weather through the battle weather-state hook.",on battle start summon rain for 5-8 cycles
Drought,Turns the sunlight harsh when the Pokémon enters a battle.,"PROPOSED: On deployment, set the specified weather through the battle weather-state hook.",
Dry Skin,"Restores the Pokémon's HP in rain or when it is hit by Water-type moves. Reduces HP in harsh sunlight, and increases the damage received from Fire-type moves.","PROPOSED: Add an incoming-hit hook; check the described move or damage condition, then apply its prevention, healing, or stat response.",
Early Bird,The Pokémon awakens from sleep twice as fast as other Pokémon.,PROPOSED: Shorten this unit sleep duration in the status-cycle update.,
Earth Eater,"If hit by a Ground-type move, the Pokémon has its HP restored instead of taking damage.","PROPOSED: Add an incoming-hit hook; check the described move or damage condition, then apply its prevention, healing, or stat response.",
Eelevate,"The Pokémon floats off the ground, making it immune to Ground-type moves, as well as the Spikes, Toxic Spikes, and Sticky Web statuses. When the Pokémon knocks out a target with an attack, its highest stat is boosted by 1 stage.","PROPOSED: Check the described immunity or prevention rule before applying the affected status, move, stat, or field effect.",
Effect Spore,"Contact with the Pokémon may inflict poison, sleep, or paralysis on the attacker.","PROPOSED: After contact damage, run a post-hit reaction using the described chance, status, or ability-transfer effect."," After contact damage, 30% chance to paralyze/sleep/poison the attacker(duration:paralyze-the entire game;sleep;2-5 turns;poison - entire game)"
Electric Surge,Turns the ground into Electric Terrain when the Pokémon enters a battle.,"PROPOSED: On deployment, set Electric Terrain in a new battle-terrain state and apply its field effects.",
Electromorphosis,"The Pokémon becomes charged when it takes damage, boosting the power of the next Electric-type move the Pokémon uses.","PROPOSED: Add a conditional modifier to shared damage calculation for the move, type, target, and conditions described.",
Embody Aspect,"The Pokémon's heart fills with memories, causing the Mask to shine and one of the Pokémon's stats to be boosted.",PROPOSED: Apply the described named stat modifier in battle stat calculation while its condition is active.,
Emergency Exit,"The Pokémon, sensing danger, switches out when its HP becomes half or less.","PROPOSED: At half HP or less, trigger a forced retreat if a legal reserve unit is available.",
Fairy Aura,Powers up each Pokémon’s Fairy-type moves.,"PROPOSED: Add a conditional modifier to shared damage calculation for the move, type, target, and conditions described.",
Filter,Reduces the power of supereffective attacks that hit the Pokémon.,"PROPOSED: Add a conditional modifier to shared damage calculation for the move, type, target, and conditions described.",
Fire Mane,Boosts the power of the Pokémon's Fire-type moves by 50%.,"PROPOSED: Add a conditional modifier to shared damage calculation for the move, type, target, and conditions described.",
Flame Body,Contact with the Pokémon may burn the attacker.,"PROPOSED: After contact damage, run a post-hit reaction using the described chance, status, or ability-transfer effect.",
Flare Boost,Powers up special moves when the Pokémon is burned.,"PROPOSED: Add a conditional modifier to shared damage calculation for the move, type, target, and conditions described.",
Flash Fire,"If hit by a Fire-type move, the Pokémon absorbs the flames and uses them to power up its own Fire-type moves.","CURRENT RULES: Absorb Fire hits, set the charge status, and boost later Fire damage.",absorbs fire damage and boosts fire moves by 50%(concurrent fire hits don’t boost it further)
Flower Gift,Boosts the Attack and Sp. Def stats of itself and allies in harsh sunlight.,PROPOSED: Apply the described Attack modifier in battle stat calculation while its condition is active.,
Flower Veil,Ally Grass-type Pokémon are protected from status conditions and the lowering of their stats.,PROPOSED: Apply the described named stat modifier in battle stat calculation while its condition is active.,
Fluffy,"Halves the damage taken from moves that make direct contact, but doubles that of Fire-type moves.","PROPOSED: After contact damage, run a post-hit reaction using the described chance, status, or ability-transfer effect.",
Forecast,"The Pokémon transforms with the weather to change its type to Water, Fire, or Ice.",PROPOSED: Apply the described type change in move or hit resolution and update the holder battle types for its stated duration.,
Forewarn,"When it enters a battle, the Pokémon can tell one of the moves an opposing Pokémon has.","PROPOSED: Run the described effect once on deployment, targeting the stated units or battle field.",
Friend Guard,Reduces damage dealt to allies.,"PROPOSED: Add a conditional modifier to shared damage calculation for the move, type, target, and conditions described.",
Frisk,"When it enters a battle, the Pokémon can check an opposing Pokémon's held item.","PROPOSED: Run the described effect once on deployment, targeting the stated units or battle field.",
Full Metal Body,Prevents other Pokémon’s moves or Abilities from lowering the Pokémon’s stats.,"PROPOSED: Check the described immunity or prevention rule before applying the affected status, move, stat, or field effect.",
Fur Coat,Halves the damage from physical moves.,"PROPOSED: Add a conditional modifier to shared damage calculation for the move, type, target, and conditions described.",
Gale Wings,Gives priority to the Pokémon's Flying-type moves while its HP is full.,"PROPOSED: Apply the described Speed or action-order rule in the battle scheduler, checking its stated condition.",
Galvanize,Normal-type moves become Electric-type moves. The power of those moves is boosted a little.,"PROPOSED: Add a conditional modifier to shared damage calculation for the move, type, target, and conditions described.",
Gluttony,"If the Pokémon is holding a Berry to be eaten when its HP is low, it will instead eat the Berry when its HP drops to half or less.",PROPOSED: Add a held-item trigger that checks the described condition and applies the stated item interaction.,
Good as Gold,"A body of pure, solid gold gives the Pokémon full immunity to other Pokémon's status moves.",PROPOSED: Apply the described named stat modifier in battle stat calculation while its condition is active.,
Gooey,Contact with the Pokémon lowers the attacker's Speed stat.,"PROPOSED: After contact damage, run a post-hit reaction using the described chance, status, or ability-transfer effect.",
Gorilla Tactics,Boosts the Pokémon’s Attack stat but only allows the use of the first selected move.,PROPOSED: Apply the described Attack modifier in battle stat calculation while its condition is active.,
Grass Pelt,Boosts the Pokémon's Defense stat on Grassy Terrain.,PROPOSED: Apply the described Defense modifier in battle stat calculation while its condition is active.,
Grassy Surge,Turns the ground into Grassy Terrain when the Pokémon enters a battle.,"PROPOSED: On deployment, set Grassy Terrain in a new battle-terrain state and apply its field effects.",
Grim Neigh,"When the Pokémon knocks out a target, it utters a terrifying neigh, which boosts its Sp. Atk stat.","PROPOSED: At the described trigger, raise the holder named stat through battle stat stages or an effective-stat modifier.",
Guard Dog,Boosts the Pokémon’s Attack stat if intimidated. Moves and items that would force the Pokémon to switch out also fail to work.,"PROPOSED: At the described trigger, raise the holder Attack through battle stat stages or an effective-stat modifier.",
Gulp Missile,"When the Pokémon uses Surf or Dive, it will come back with prey. When it takes damage, it will spit out the prey to attack.","PROPOSED: Add a conditional modifier to shared damage calculation for the move, type, target, and conditions described.",
Guts,It's so gutsy that having a status condition boosts the Pokémon's Attack stat.,PROPOSED: Apply the described Attack modifier in battle stat calculation while its condition is active.,
Hadron Engine,Turns the ground into Electric Terrain when the Pokémon enters a battle. The futuristic engine within the Pokémon also boosts its Sp. Atk stat on Electric Terrain.,"PROPOSED: At the described trigger, raise the holder named stat through battle stat stages or an effective-stat modifier.",
Harvest,May create another Berry after one is used.,"PROPOSED: After this unit consumes a Berry, use the described chance to return that Berry to its held-item slot.",
Healer,Sometimes cures the status conditions of the Pokémon's allies.,PROPOSED: Apply the described named stat modifier in battle stat calculation while its condition is active.,
Heatproof,The Pokémon's heatproof body halves the damage taken from Fire-type moves.,"PROPOSED: Add a conditional modifier to shared damage calculation for the move, type, target, and conditions described.",
Heavy Metal,Doubles the Pokémon's weight.,PROPOSED: Store the weight modifier on the unit and read it in weight-sensitive move effects.,
Honey Gather,The Pokémon may gather Honey after a battle.,PROPOSED: Resolve in the route reward phase; grant the described item or benefit and record it in run inventory.,
Hospitality,"When the Pokémon enters a battle, it showers its ally with hospitality, restoring a small amount of the ally's HP",PROPOSED: Apply the described field or aura effect to the stated allies or opponents while the holder is deployed.,
Huge Power,Doubles the Pokémon's Attack stat.,PROPOSED: Apply the described Attack modifier in battle stat calculation while its condition is active.,
Hunger Switch,"The Pokémon changes its form, alternating between its Full Belly Mode and Hangry Mode after the end of every turn.",PROPOSED: Run the described passive effect at each battle cycle tick while the holder is active.,
Hustle,Boosts the Pokémon's Attack stat but lowers its accuracy.,PROPOSED: Apply the described accuracy or evasion change in attack hit-chance resolution under its stated condition.,
Hydration,Cures the Pokémon's status conditions in rain.,PROPOSED: Apply the described named stat modifier in battle stat calculation while its condition is active.,
Hyper Cutter,"The Pokémon's prized, mighty pincers prevent other Pokémon from lowering its Attack stat.",PROPOSED: Apply the described Attack modifier in battle stat calculation while its condition is active.,
Ice Body,The Pokémon gradually regains HP in snow.,PROPOSED: Apply the described field or aura effect to the stated allies or opponents while the holder is deployed.,
Ice Face,"The Pokémon's ice head can take a physical attack as a substitute, but the attack also changes the Pokémon's appearance. The ice will be restored when it snows.","PROPOSED: At the described trigger, modify the holder Attack through battle stat stages or an effective-stat modifier.",
Ice Scales,"The Pokémon is protected by ice scales, which halve the damage taken from special moves.","PROPOSED: Add a conditional modifier to shared damage calculation for the move, type, target, and conditions described.",
Illuminate,"By illuminating its surroundings, the Pokémon prevents its accuracy from being lowered.",PROPOSED: Apply the described accuracy or evasion change in attack hit-chance resolution under its stated condition.,
Illusion,The Pokémon fools opponents by entering battle disguised as the last Pokémon in its Trainer's party.,PROPOSED: Apply the described field or aura effect to the stated allies or opponents while the holder is deployed.,
Immunity,The Pokémon's immune system prevents it from being poisoned.,PROPOSED: Reject poison when a status effect is applied to this unit.,immune to poison
Imposter,The Pokémon transforms itself into the Pokémon it's facing.,"PROPOSED: On deployment, copy the facing target permitted battle stats, types, and moves for this battle.",
Infiltrator,"The Pokémon's moves are unaffected by the target's barriers, substitutes, and the like.",PROPOSED: Let this unit attacks bypass barrier and substitute-style protection effects.,
Innards Out,Damages the attacker landing the finishing hit by the amount equal to its last HP.,"PROPOSED: Add an incoming-hit hook; check the described move or damage condition, then apply its prevention, healing, or stat response.",
Inner Focus,The Pokémon's intense focus prevents it from flinching or being affected by Intimidate.,"PROPOSED: After the described attack connects, run a chance-based flinch reaction in the post-hit hook.",
Insomnia,The Pokémon's insomnia prevents it from falling asleep.,PROPOSED: Reject sleep when a status effect is applied to this unit.,immune to sleep
Intimidate,"When the Pokémon enters a battle, it intimidates opposing Pokémon and makes them cower, lowering their Attack stats.","PROPOSED: On deployment, lower the Attack stage of opposing units through the battle stat-stage hook.",Aura: Units within 5 tiles have their attack lowered by -1 (going in and out will retrigger it)
Intrepid Sword,Boosts the Pokémon’s Attack stat the first time the Pokémon enters a battle.,PROPOSED: Apply the described Attack modifier in battle stat calculation while its condition is active.,
Iron Barbs,Inflicts damage on the attacker upon contact with iron barbs.,"PROPOSED: After contact damage, run a post-hit reaction using the described chance, status, or ability-transfer effect.",
Iron Fist,Powers up punching moves.,"PROPOSED: Add a conditional modifier to shared damage calculation for the move, type, target, and conditions described.",
Justified,"When the Pokémon is hit by a Dark-type attack, its Attack stat is boosted by its sense of justice.","PROPOSED: Add an incoming-hit hook; check the described move or damage condition, then apply its prevention, healing, or stat response.",
Keen Eye,The Pokémon's keen eyes prevent its accuracy from being lowered.,PROPOSED: Apply the described accuracy or evasion change in attack hit-chance resolution under its stated condition.,
Klutz,The Pokémon can't use any held items.,PROPOSED: Disable the holder passive and triggered held-item effects while it is deployed.,
Leaf Guard,Prevents status conditions in harsh sunlight.,"PROPOSED: Check the described immunity or prevention rule before applying the affected status, move, stat, or field effect.",
Levitate,"By floating in the air, the Pokémon receives full immunity to all Ground-type moves.",PROPOSED: Mark the unit airborne and make Ground-type attacks fail its matchup check.,Mark the unit airborne and make Ground-type attacks fail its matchup check.
Libero,Changes the Pokémon's type to the type of the move it's about to use. This works only once each time the Pokémon enters battle.,PROPOSED: Apply the described type change in move or hit resolution and update the holder battle types for its stated duration.,
Light Metal,Halves the Pokémon's weight.,PROPOSED: Store the weight modifier on the unit and read it in weight-sensitive move effects.,
Lightning Rod,"The Pokémon draws in all Electric-type moves. Instead of taking damage from them, its Sp. Atk stat is boosted.","PROPOSED: Add a conditional modifier to shared damage calculation for the move, type, target, and conditions described.",
Limber,The Pokémon's limber body prevents it from being paralyzed.,PROPOSED: Reject paralysis when a status effect is applied to this unit.,Reject paralysis when that status effect is applied to this unit.
Lingering Aroma,Contact with the Pokémon changes the attacker's Ability to Lingering Aroma.,"PROPOSED: After contact damage, run a post-hit reaction using the described chance, status, or ability-transfer effect.",
Liquid Ooze,The strong stench of the Pokémon's oozed liquid damages attackers that use HP-draining moves.,"PROPOSED: Add a conditional modifier to shared damage calculation for the move, type, target, and conditions described.",
Liquid Voice,Sound-based moves become Water-type moves.,PROPOSED: Apply the described type change in move or hit resolution and update the holder battle types for its stated duration.,
Long Reach,The Pokémon uses its moves without making contact with the target.,"PROPOSED: After contact damage, run a post-hit reaction using the described chance, status, or ability-transfer effect.",
Magic Bounce,The Pokémon reflects status moves instead of getting hit by them.,"PROPOSED: Add an incoming-hit hook; check the described move or damage condition, then apply its prevention, healing, or stat response.",
Magic Guard,The Pokémon only takes damage from attacks.,"PROPOSED: Add a conditional modifier to shared damage calculation for the move, type, target, and conditions described.",
Magician,The Pokémon steals the held item from any target it hits with a move.,PROPOSED: Add a held-item trigger that checks the described condition and applies the stated item interaction.,
Magma Armor,The Pokémon’s hot magma coating prevents it from being frozen.,"PROPOSED: Check the described immunity or prevention rule before applying the affected status, move, stat, or field effect.",
Magnet Pull,Prevents Steel-type Pokémon from fleeing by pulling them in with magnetism.,"PROPOSED: Check the described immunity or prevention rule before applying the affected status, move, stat, or field effect.",
Marvel Scale,The Pokémon's marvelous scales boost its Defense stat if it has a status condition.,"PROPOSED: At the described trigger, raise the holder Defense through battle stat stages or an effective-stat modifier.",
Mega Launcher,Powers up pulse moves.,"PROPOSED: Add a conditional modifier to shared damage calculation for the move, type, target, and conditions described.",
Mega Sol,"Even when the sunlight has not turned harsh, the Pokémon can use its moves as if the weather were harsh sunlight.",PROPOSED: Let this unit moves use harsh-sunlight damage rules without changing displayed battle weather.,
Merciless,The Pokémon's attacks become critical hits if the target is poisoned.,PROPOSED: Apply the described critical-hit adjustment when calculating the holder attack chance.,
Mimicry,Changes the Pokémon’s type depending on the terrain.,PROPOSED: Apply the described type change in move or hit resolution and update the holder battle types for its stated duration.,
Mind’s Eye,"The Pokémon ignores changes to opponents' evasiveness, its accuracy can't be lowered, and it can hit Ghost types with Normal-type and Fighting-type moves",PROPOSED: Apply the described accuracy or evasion change in attack hit-chance resolution under its stated condition.,
Minus,Boosts the Sp. Atk stat of the Pokémon if an ally with the Plus or Minus Ability is also in battle.,"PROPOSED: At the described trigger, raise the holder named stat through battle stat stages or an effective-stat modifier.",
Mirror Armor,Bounces back only the stat-lowering effects that the Pokémon receives.,PROPOSED: Apply the described named stat modifier in battle stat calculation while its condition is active.,
Misty Surge,Turns the ground into Misty Terrain when the Pokémon enters a battle.,"PROPOSED: On deployment, set Misty Terrain in a new battle-terrain state and apply its field effects.",
Mold Breaker,The Pokémon's moves are unimpeded by the Ability of the target.,PROPOSED: Skip the target ability checks for this unit move resolution.,
Moody,"Every turn, one of the Pokémon's stats will be boosted sharply but another stat will be lowered.",PROPOSED: Run the described passive effect at each battle cycle tick while the holder is active.,
Motor Drive,"The Pokémon takes no damage when hit by Electric-type moves. Instead, its Speed stat is boosted.","PROPOSED: Add an incoming-hit hook; check the described move or damage condition, then apply its prevention, healing, or stat response.",
Moxie,"When the Pokémon knocks out a target, it shows moxie, which boosts its Attack stat.","PROPOSED: At the described trigger, raise the holder Attack through battle stat stages or an effective-stat modifier.",
Multiscale,Reduces the amount of damage the Pokémon takes while its HP is full.,"PROPOSED: Add a conditional modifier to shared damage calculation for the move, type, target, and conditions described.",
Multitype,Changes the Pokémon's type to match the plate it holds.,PROPOSED: Apply the described type change in move or hit resolution and update the holder battle types for its stated duration.,
Mummy,Contact with the Pokémon changes the attacker’s Ability to Mummy.,"PROPOSED: On contact, replace the attacker ability with Mummy in the post-hit reaction hook.",
Mycelium Might,"The Pokémon will always act more slowly when using status moves, but these moves will be unimpeded by the Ability of the target.","PROPOSED: At the described trigger, modify the holder named stat through battle stat stages or an effective-stat modifier.",
Natural Cure,The Pokémon's status conditions are cured when it switches out.,"PROPOSED: At the described trigger, modify the holder named stat through battle stat stages or an effective-stat modifier.",
Neuroforce,Powers up moves that are super effective.,"PROPOSED: Add a conditional modifier to shared damage calculation for the move, type, target, and conditions described.",
Neutralizing Gas,"While the Pokémon is in the battle, the effects of all other Pokémon's Abilities will be nullified or will not be triggered.","PROPOSED: While deployed, disable other units ability hooks; resume them when this unit leaves battle.",
No Guard,The Pokémon employs no-guard tactics to ensure incoming and outgoing attacks always land.,PROPOSED: Apply the described Attack modifier in battle stat calculation while its condition is active.,
Normalize,All the Pokémon’s moves become Normal type. The power of those moves is boosted a little.,"PROPOSED: Add a conditional modifier to shared damage calculation for the move, type, target, and conditions described.",
Oblivious,"The Pokémon is oblivious, keeping it from being infatuated, falling for taunts, or being affected by Intimidate.","PROPOSED: Ignore infatuation, taunt, and Intimidate effects in their status and stat-change hooks.",pokemon cannot be infatuated and protects againts captivate
Opportunist,"If an opponent's stat is boosted, the Pokémon seizes the opportunity to boost the same stat for itself.","PROPOSED: At the described trigger, raise the holder named stat through battle stat stages or an effective-stat modifier.",
Orichalcum Pulse,Turns the sunlight harsh when the Pokémon enters a battle. The ancient pulse thrumming through the Pokémon also boosts its Attack stat in harsh sunlight.,"PROPOSED: At the described trigger, raise the holder Attack through battle stat stages or an effective-stat modifier.",
Overcoat,The Pokémon takes no damage from sandstorms. It is also protected from the effects of powders and spores.,"PROPOSED: Add a conditional modifier to shared damage calculation for the move, type, target, and conditions described.",
Overgrow,Powers up Grass-type moves when the Pokémon's HP is low.,"PROPOSED: Add a conditional modifier to shared damage calculation for the move, type, target, and conditions described.",
Own Tempo,"The Pokémon sticks to its own tempo, preventing it from becoming confused or being affected by Intimidate.",PROPOSED: Prevent confusion and Intimidate effects from being applied to this unit.,Prevent confusion and Intimidate effects from being applied to this unit.
Parental Bond,Parent and child each attacks.,PROPOSED: Apply the described Attack modifier in battle stat calculation while its condition is active.,
Pastel Veil,Protects the Pokémon and its ally Pokémon from being poisoned.,PROPOSED: Apply the described field or aura effect to the stated allies or opponents while the holder is deployed.,
Perish Body,"When hit by a move that makes direct contact, the Pokémon and the attacker will faint after three turns unless they switch out of battle.","PROPOSED: After contact damage, run a post-hit reaction using the described chance, status, or ability-transfer effect.",
Pickpocket,The Pokémon steals the held item from attackers that made direct contact with it.,"PROPOSED: After contact damage, run a post-hit reaction using the described chance, status, or ability-transfer effect.",
Pickup,"The Pokémon may pick up an item another Pokémon used during a battle. It may pick up items outside of battle, too.",PROPOSED: Resolve in the route reward phase; grant the described item or benefit and record it in run inventory.,
Piercing Drill,"When the Pokémon uses contact moves, it can hit even targets that are protecting themselves, dealing 1/4 of the damage that the move would otherwise deal. Everything aside from the target's protective effects is still triggered.","PROPOSED: After contact damage, run a post-hit reaction using the described chance, status, or ability-transfer effect.",
Pixilate,Normal-type moves become Fairy-type moves. The power of those moves is boosted a little.,"PROPOSED: Add a conditional modifier to shared damage calculation for the move, type, target, and conditions described.",
Plus,Boosts the Sp. Atk stat of the Pokémon if an ally with the Plus or Minus Ability is also in battle.,"PROPOSED: At the described trigger, raise the holder named stat through battle stat stages or an effective-stat modifier.",
Poison Heal,"If poisoned, the Pokémon has its HP restored instead of taking damage.","PROPOSED: Add a conditional modifier to shared damage calculation for the move, type, target, and conditions described.",
Poison Point,Contact with the Pokémon may poison the attacker.,"PROPOSED: After contact damage, run a post-hit reaction using the described chance, status, or ability-transfer effect.",
Poison Puppeteer,Pokémon poisoned by Pecharunt's moves will also become confused.,"PROPOSED: When this unit poisons a target with its move, also apply confusion through the status hook.",
Poison Touch,May poison a target when the Pokémon makes contact.,"PROPOSED: After contact damage, run a post-hit reaction using the described chance, status, or ability-transfer effect.",
Power Construct,Other Cells gather to aid when its HP becomes half or less. Then the Pokémon changes its form to Complete Forme.,"PROPOSED: At half HP or less, switch this unit to its registered Complete Forme once per battle.",
Power of Alchemy,The Pokémon copies the Ability of a defeated ally.,PROPOSED: Apply the described field or aura effect to the stated allies or opponents while the holder is deployed.,
Power Spot,Just being next to the Pokémon powers up moves.,"PROPOSED: Add a conditional modifier to shared damage calculation for the move, type, target, and conditions described.",
Prankster,Gives priority to the Pokémon's status moves.,"PROPOSED: Apply the described Speed or action-order rule in the battle scheduler, checking its stated condition.",
Pressure,"Puts other Pokémon under pressure, causing them to expend more PP to use their moves.","PROPOSED: When an opponent targets this unit, add an AP surcharge in move validation; set its amount during balance tuning.",
Primordial Sea,The Pokémon changes the weather to nullify Fire-type attacks.,"PROPOSED: On deployment, set the specified weather through the battle weather-state hook.",
Prism Armor,Reduces the power of supereffective attacks taken.,"PROPOSED: Add a conditional modifier to shared damage calculation for the move, type, target, and conditions described.",
Propeller Tail,Ignores the effects of opposing Pokémon's Abilities and moves that draw in moves.,PROPOSED: Ignore opposing move-redirection effects when selecting and resolving this unit target.,
Protean,Changes the Pokémon's type to the type of the move it's about to use. This works only once each time the Pokémon enters battle.,PROPOSED: Apply the described type change in move or hit resolution and update the holder battle types for its stated duration.,
Protosynthesis,Boosts the Pokémon's most proficient stat in harsh sunlight or if the Pokémon is holding Booster Energy.,"PROPOSED: At the described trigger, raise the holder named stat through battle stat stages or an effective-stat modifier.",
Psychic Surge,Turns the ground into Psychic Terrain when the Pokémon enters a battle.,"PROPOSED: On deployment, set Psychic Terrain in a new battle-terrain state and apply its field effects.",
Punk Rock,Boosts the power of sound-based moves. The Pokémon also takes half the damage from these kinds of moves.,"PROPOSED: Add a conditional modifier to shared damage calculation for the move, type, target, and conditions described.",
Pure Power,"Using its pure power, the Pokémon doubles its Attack stat.","PROPOSED: Add a conditional modifier to shared damage calculation for the move, type, target, and conditions described.",
Purifying Salt,The Pokémon's pure salt protects it from status conditions and halves the damage taken from Ghost-type moves.,"PROPOSED: Add a conditional modifier to shared damage calculation for the move, type, target, and conditions described.",
Quark Drive,Boosts the Pokémon's most proficient stat on Electric Terrain or if the Pokémon is holding Booster Energy.,"PROPOSED: At the described trigger, raise the holder named stat through battle stat stages or an effective-stat modifier.",
Queenly Majesty,"When the Pokémon uses Surf or Dive, it will come back with prey. When it takes damage, it will spit out the prey to attack.","PROPOSED: Add a conditional modifier to shared damage calculation for the move, type, target, and conditions described.",
Quick Draw,Enables the Pokémon to move first occasionally.,"PROPOSED: Apply the described Speed or action-order rule in the battle scheduler, checking its stated condition.",
Quick Feet,Boosts the Speed stat if the Pokémon has a status condition.,"PROPOSED: Apply the described Speed or action-order rule in the battle scheduler, checking its stated condition.",
Rain Dish,The Pokémon gradually regains HP in rain.,PROPOSED: Apply the described field or aura effect to the stated allies or opponents while the holder is deployed.,
Rattled,"The Pokémon gets scared when hit by a Dark-, Ghost-, or Bug-type attack or if intimidated, which boosts its Speed stat.","PROPOSED: Add an incoming-hit hook; check the described move or damage condition, then apply its prevention, healing, or stat response.",
Receiver,The Pokémon copies the Ability of a defeated ally.,PROPOSED: Apply the described field or aura effect to the stated allies or opponents while the holder is deployed.,
Reckless,Powers up moves that have recoil damage.,"PROPOSED: Add a conditional modifier to shared damage calculation for the move, type, target, and conditions described.",
Refrigerate,Normal-type moves become Ice-type moves. The power of those moves is boosted a little.,"PROPOSED: Add a conditional modifier to shared damage calculation for the move, type, target, and conditions described.",
Regenerator,The Pokémon has a little of its HP restored when withdrawn from battle.,PROPOSED: Restore the described HP when this unit leaves the active battle field through a switch action.,
Ripen,Ripens Berries and doubles their effect.,"PROPOSED: Double Berry effects before applying their healing or stat change, then consume them normally.",
Rivalry,"The Pokémon's competitive spirit makes it deal more damage to Pokémon of the same gender, but less damage to Pokémon of the opposite gender.","PROPOSED: Add a conditional modifier to shared damage calculation for the move, type, target, and conditions described.",
RKS System,Changes the Pokémon’s type to match the memory disc it holds.,PROPOSED: Apply the described type change in move or hit resolution and update the holder battle types for its stated duration.,
Rock Head,Protects the Pokémon from recoil damage.,"PROPOSED: Add a conditional modifier to shared damage calculation for the move, type, target, and conditions described.",
Rocky Payload,Powers up Rock-type moves.,"PROPOSED: Add a conditional modifier to shared damage calculation for the move, type, target, and conditions described.",
Rough Skin,The Pokémon's rough skin damages attackers that make direct contact with it.,"PROPOSED: After contact damage, run a post-hit reaction using the described chance, status, or ability-transfer effect.","after contact damage, deal 1/8 max hp damage to the attacker"
Run Away,Enables a sure getaway from wild Pokémon.,PROPOSED: Add a route encounter retreat action and resolve its success when this ability is present.,
Sand Force,"Boosts the power of Rock-, Ground-, and Steel-type moves in a sandstorm.","PROPOSED: Add a conditional modifier to shared damage calculation for the move, type, target, and conditions described.",
Sand Rush,Boosts the Pokémon's Speed stat in a sandstorm.,"PROPOSED: Apply the described Speed or action-order rule in the battle scheduler, checking its stated condition.",
Sand Spit,The Pokémon creates a sandstorm when it's hit by an attack.,"PROPOSED: Add an incoming-hit hook; check the described move or damage condition, then apply its prevention, healing, or stat response.",
Sand Stream,The Pokémon summons a sandstorm when it enters a battle.,"PROPOSED: On deployment, set the specified weather through the battle weather-state hook.",
Sand Veil,Boosts the Pokémon's evasiveness in a sandstorm.,CURRENT RULES: Apply the sandstorm hit-chance modifier before attack resolution.,Apply the sandstorm hit-chance modifier before attack resolution (all moves on this pokemon become 80% accurate)
Sap Sipper,"The Pokémon takes no damage when hit by Grass-type moves. Instead, its Attack stat is boosted.","PROPOSED: Add an incoming-hit hook; check the described move or damage condition, then apply its prevention, healing, or stat response.",
Schooling,"When it has a lot of HP, the Pokémon forms a powerful school. It stops schooling when its HP is low.","PROPOSED: Add a conditional modifier to shared damage calculation for the move, type, target, and conditions described.",
Scrappy,The Pokémon can hit Ghost-type Pokémon with Normal- and Fighting-type moves. It is also unaffected by Intimidate.,PROPOSED: Let this unit Normal and Fighting attacks hit Ghost targets and ignore Intimidate Attack reduction.,
Screen Cleaner,"When the Pokémon enters a battle, the effects of Light Screen, Reflect, and Aurora Veil are nullified for both opposing and ally Pokémon.",PROPOSED: Apply the described field or aura effect to the stated allies or opponents while the holder is deployed.,
Seed Sower,Turns the ground into Grassy Terrain when the Pokémon is hit by an attack.,"PROPOSED: Add an incoming-hit hook; check the described move or damage condition, then apply its prevention, healing, or stat response.",
Serene Grace,Raises the likelihood of additional effects occurring when the Pokémon uses its moves.,PROPOSED: Increase secondary-effect activation chances for this unit moves in move-effect resolution.,
Shadow Shield,Reduces the amount of damage the Pokémon takes while its HP is full.,"PROPOSED: Add a conditional modifier to shared damage calculation for the move, type, target, and conditions described.",
Shadow Tag,The Pokémon steps on the opposing Pokémon's shadows to prevent them from fleeing or switching out.,PROPOSED: Prevent opposing units from retreating or switching while this unit is deployed.,Aura: Units within 5  tiles have them trapped and their movement reduced(enemies can only move to tiles within 5 tiles of the shadow tag unit once they've entered the area)
Sharpness,Powers up slicing moves.,"PROPOSED: Add a conditional modifier to shared damage calculation for the move, type, target, and conditions described.",
Shed Skin,The Pokémon may cure its own status conditions by shedding its skin.,"PROPOSED: At the battle cycle tick, roll the described chance to clear this unit status condition.",
Sheer Force,"Removes any additional effects from the Pokémon's moves, but increases the moves' power.","PROPOSED: Add a conditional modifier to shared damage calculation for the move, type, target, and conditions described.",
Shell Armor,A hard shell protects the Pokémon from critical hits.,PROPOSED: Prevent critical-hit bonuses in incoming damage calculation while this unit is active.,
Shield Dust,Protective dust shields the Pokémon from the additional effects of moves.,PROPOSED: Suppress secondary move effects against this unit while preserving the move primary damage.,Suppress secondary move effects against this unit while preserving the move primary damage.
Shields Down,"When its HP drops to half or less, the Pokémon's shell breaks and it becomes aggressive.","PROPOSED: At half HP, change this unit registered form and update its battle stats and types.",
Simple,Doubles the effects of the Pokémon's stat changes.,PROPOSED: Apply the described named stat modifier in battle stat calculation while its condition is active.,
Skill Link,Maximizes the number of times multistrike moves hit.,"PROPOSED: For moves marked multi-hit, always resolve their maximum listed hit count.",
Slow Start,"For five turns, the Pokémon's Attack and Speed stats are halved.","PROPOSED: Apply the described Speed or action-order rule in the battle scheduler, checking its stated condition.",
Slush Rush,Boosts the Pokémon's Speed stat in snow.,"PROPOSED: Apply the described Speed or action-order rule in the battle scheduler, checking its stated condition.",
Sniper,"If the Pokémon's attack lands a critical hit, the attack is powered up even further.",PROPOSED: Apply the described critical-hit adjustment when calculating the holder attack chance.,
Snow Cloak,Boosts the Pokémon's evasiveness in snow.,PROPOSED: Lower attacks hit chance against this unit while snow weather is active.,
Snow Warning,The Pokémon makes it snow when it enters a battle.,"PROPOSED: On deployment, set the specified weather through the battle weather-state hook.",
Solar Power,"In harsh sunlight, the Pokémon's Sp. Atk stat is boosted, but its HP decreases every turn.",PROPOSED: Run the described passive effect at each battle cycle tick while the holder is active.,
Solid Rock,Reduces the power of supereffective attacks that hit the Pokémon.,"PROPOSED: Add a conditional modifier to shared damage calculation for the move, type, target, and conditions described.",
Soul-Heart,Boosts the Pokémon's Sp. Atk stat every time another Pokémon faints.,PROPOSED: Apply the described named stat modifier in battle stat calculation while its condition is active.,
Soundproof,Soundproofing gives the Pokémon full immunity to all sound-based moves.,PROPOSED: Negate sound-tagged moves against this unit before damage or secondary effects resolve.,
Speed Boost,The Pokémon's Speed stat is boosted every turn.,"PROPOSED: At each battle cycle tick, raise the holder Speed stage using normal stage expiry rules.",increase speed by +1 for each turn (not cycle)
Spicy Spray,"When the Pokémon takes damage from a move, it burns the attacker.","PROPOSED: Add a conditional modifier to shared damage calculation for the move, type, target, and conditions described.",
Stakeout,Doubles the damage dealt to a target that has just switched into battle.,"PROPOSED: Add a conditional modifier to shared damage calculation for the move, type, target, and conditions described.",
Stall,The Pokémon is always the last to use its moves.,PROPOSED: Place this unit after other eligible units in the action scheduler regardless of its Speed.,
Stalwart,Ignores the effects of opposing Pokémon's Abilities and moves that draw in moves.,PROPOSED: Ignore opposing move-redirection effects when selecting and resolving this unit target.,
Stamina,Boosts the Defense stat when the Pokémon is hit by an attack.,"PROPOSED: Whenever this unit takes a hit, raise its Defense stage through the post-hit stat hook.",
Stance Change,The Pokémon changes its form to Blade Forme when it uses an attack move and changes to Shield Forme when it uses King’s Shield.,"PROPOSED: At the described trigger, modify the holder Attack through battle stat stages or an effective-stat modifier.",
Static,The Pokémon is charged with static electricity and may paralyze attackers that make direct contact with it.,"CURRENT RULES: After contact damage, roll the paralysis reaction and apply its battle duration."," After contact damage, 30% chance to paralyze the attacker for the rest of the game"
Steadfast,The Pokémon's determination boosts its Speed stat every time it flinches.,"PROPOSED: After the described attack connects, run a chance-based flinch reaction in the post-hit hook.",
Steam Engine,Boosts the Speed stat drastically when the Pokémon is hit by a Fire- or Water-type move.,"PROPOSED: Add an incoming-hit hook; check the described move or damage condition, then apply its prevention, healing, or stat response.",
Steelworker,Powers up Steel-type moves.,"PROPOSED: Add a conditional modifier to shared damage calculation for the move, type, target, and conditions described.",
Steely Spirit,Powers up the Steel-type moves of the Pokémon and its allies.,"PROPOSED: Add a conditional modifier to shared damage calculation for the move, type, target, and conditions described.",
Stench,"By releasing a stench when attacking, the Pokémon may cause the target to flinch.","PROPOSED: After the described attack connects, run a chance-based flinch reaction in the post-hit hook.",10 chance to flinch an enemy for each hit (flinch makes a pokemon skip a turn)
Sticky Hold,The Pokémon's held items cling to its sticky body and cannot be removed by other Pokémon.,"PROPOSED: Check the described immunity or prevention rule before applying the affected status, move, stat, or field effect.",
Storm Drain,"The Pokémon draws in all Water-type moves. Instead of taking damage from them, its Sp. Atk stat is boosted.","PROPOSED: Add a conditional modifier to shared damage calculation for the move, type, target, and conditions described.",
Strong Jaw,The Pokémon's strong jaw boosts the power of its biting moves.,"PROPOSED: Add a conditional modifier to shared damage calculation for the move, type, target, and conditions described.",
Sturdy,The Pokémon cannot be knocked out by a single hit as long as its HP is full. One-hit KO moves will also fail to knock it out.,"PROPOSED: Before damage, preserve the holder at 1 HP from a lethal hit when the stated full-HP condition is met.","Before damage, preserve the holder at 1 HP from a lethal hit when the stated full-HP condition is met."
Suction Cups,The Pokémon uses suction cups to stay in one spot. This protects it from moves and items that would force it to switch out.,PROPOSED: Add a held-item trigger that checks the described condition and applies the stated item interaction.,
Super Luck,The Pokémon is so lucky that the critical-hit ratios of its moves are boosted.,PROPOSED: Apply the described critical-hit adjustment when calculating the holder attack chance.,
Supersweet Syrup,Lowers the evasion of opposing Pokémon by 1 stage when first sent into battle,PROPOSED: Apply the described accuracy or evasion change in attack hit-chance resolution under its stated condition.,
Supreme Overlord,"When the Pokémon enters a battle, its Attack and Sp. Atk stats are slightly boosted for each of the allies in its party that have already been defeated.","PROPOSED: At the described trigger, raise the holder Attack through battle stat stages or an effective-stat modifier.",
Surge Surfer,Doubles the Pokémon's Speed stat on Electric Terrain.,"PROPOSED: Apply the described Speed or action-order rule in the battle scheduler, checking its stated condition.",
Swarm,Powers up Bug-type moves when the Pokémon's HP is low.,"PROPOSED: Add a conditional modifier to shared damage calculation for the move, type, target, and conditions described.",
Sweet Veil,Prevents the Pokémon and its allies from falling asleep.,"PROPOSED: Check the described immunity or prevention rule before applying the affected status, move, stat, or field effect.",
Swift Swim,Boosts the Pokémon's Speed stat in rain.,"PROPOSED: Apply the described Speed or action-order rule in the battle scheduler, checking its stated condition.",
Sword of Ruin,The power of the Pokémon's ruinous sword lowers the Defense stats of all Pokémon except itself.,"PROPOSED: Add a conditional modifier to shared damage calculation for the move, type, target, and conditions described.",
Symbiosis,The Pokémon passes its held item to an ally that has used up an item.,PROPOSED: Add a held-item trigger that checks the described condition and applies the stated item interaction.,
Synchronize,"If the Pokémon is burned, paralyzed, or poisoned by another Pokémon, that Pokémon will be inflicted with the same status condition.","PROPOSED: At the described trigger, modify the holder named stat through battle stat stages or an effective-stat modifier.","When this Pokémon is burned, paralyzed, or poisoned by another Pokémon, the Pokemon will be inflicted with the same status condition."
Tablets of Ruin,The power of the Pokémon's ruinous wooden tablets lowers the Attack stats of all Pokémon except itself.,"PROPOSED: Add a conditional modifier to shared damage calculation for the move, type, target, and conditions described.",
Tangled Feet,Boosts the Pokémon's evasiveness if it is confused.,PROPOSED: Lower attacks hit chance against this unit while it is confused.,
Tangling Hair,Contact with the Pokémon lowers the attacker's Speed stat.,"PROPOSED: After contact damage, run a post-hit reaction using the described chance, status, or ability-transfer effect.",
Technician,Powers up weak moves so the Pokémon can deal more damage with them.,CURRENT RULES: Boost qualifying low-AP moves in shared damage calculation.,
Telepathy,The Pokémon anticipates and dodges the attacks of its allies.,PROPOSED: Apply the described Attack modifier in battle stat calculation while its condition is active.,
Tera Shell,The Pokémon's shell contains the powers of each type. All damage-dealing moves that hit the Pokémon when its HP is full will not be very effective.,"PROPOSED: Add a conditional modifier to shared damage calculation for the move, type, target, and conditions described.",
Tera Shift,"When the Pokémon enters a battle, it absorbs the energy around itself and transforms into its Terastal Form.","PROPOSED: On deployment, change this unit to its registered Terastal Form and update its battle types and stats.",
Teraform Zero,"When Terapagos changes into its Stellar Form, it uses its hidden powers to eliminate all effects of weather and terrain, reducing them to zero.","PROPOSED: Add a conditional modifier to shared damage calculation for the move, type, target, and conditions described.",
Teravolt,The Pokémon's moves are unimpeded by the Ability of the target.,PROPOSED: Skip the target ability checks for this unit move resolution.,
Thermal Exchange,Boosts the Attack stat when the Pokémon is hit by a Fire-type move. The Pokémon also cannot be burned.,"PROPOSED: Add an incoming-hit hook; check the described move or damage condition, then apply its prevention, healing, or stat response.",
Thick Fat,"The Pokémon is protected by a layer of thick fat, which halves the damage taken from Fire- and Ice-type moves.","PROPOSED: Add a conditional modifier to shared damage calculation for the move, type, target, and conditions described.",
Tinted Lens,The Pokémon can use “not very effective” moves to deal regular damage.,"PROPOSED: Add a conditional modifier to shared damage calculation for the move, type, target, and conditions described.",
Torrent,Powers up Water-type moves when the Pokémon's HP is low.,CURRENT RULES: Apply the low-HP Water damage bonus in shared damage calculation.,
Tough Claws,Powers up moves that make direct contact.,CURRENT RULES: Boost damage from moves tagged as contact.,
Toxic Boost,Powers up physical moves when the Pokémon is poisoned.,"PROPOSED: Add a conditional modifier to shared damage calculation for the move, type, target, and conditions described.",
Toxic Chain,The power of the Pokémon's toxic chain may badly poison any target the Pokémon hits with a move,"PROPOSED: Add a conditional modifier to shared damage calculation for the move, type, target, and conditions described.",
Toxic Debris,Scatters poison spikes at the feet of the opposing team when the Pokémon takes damage from physical moves.,"PROPOSED: Add a conditional modifier to shared damage calculation for the move, type, target, and conditions described.",
Trace,"When it enters a battle, the Pokémon copies an opposing Pokémon's Ability.","PROPOSED: Run the described effect once on deployment, targeting the stated units or battle field.",
Transistor,Powers up Electric-type moves.,"PROPOSED: Add a conditional modifier to shared damage calculation for the move, type, target, and conditions described.",
Triage,Gives priority to the Pokémon's healing moves.,"PROPOSED: Apply the described Speed or action-order rule in the battle scheduler, checking its stated condition.",
Truant,"Each time the Pokémon uses a move, it spends the next turn loafing around.","PROPOSED: After this unit acts, skip its next scheduled action, then alternate between acting and loafing.",
Turboblaze,The Pokémon's moves are unimpeded by the Ability of the target.,PROPOSED: Skip the target ability checks for this unit move resolution.,
Unaware,"When attacking, the Pokémon ignores the target's stat changes.","PROPOSED: At the described trigger, modify the holder Attack through battle stat stages or an effective-stat modifier.",
Unburden,Boosts the Speed stat if the Pokémon's held item is used or lost.,"PROPOSED: Apply the described Speed or action-order rule in the battle scheduler, checking its stated condition.",
Unnerve,Unnerves opposing Pokémon and makes them unable to eat Berries.,"PROPOSED: While deployed, block opposing Berry activations in the item-trigger hook.",
Unseen Fist,"If the Pokémon uses moves that make direct contact, it can attack the target even if the target protects itself.","PROPOSED: After contact damage, run a post-hit reaction using the described chance, status, or ability-transfer effect.",
Vessel of Ruin,The power of the Pokémon's ruinous vessel lowers the Sp. Atk stats of all Pokémon except itself.,"PROPOSED: Add a conditional modifier to shared damage calculation for the move, type, target, and conditions described.",
Victory Star,Boosts the accuracy of its allies and itself.,PROPOSED: Apply the described accuracy or evasion change in attack hit-chance resolution under its stated condition.,
Vital Spirit,"The Pokémon is full of vitality, and that prevents it from falling asleep.","PROPOSED: Check the described immunity or prevention rule before applying the affected status, move, stat, or field effect.",
Volt Absorb,"If hit by an Electric-type move, the Pokémon has its HP restored instead of taking damage.",PROPOSED: Intercept Electric hits before damage and restore HP using the ability description healing rule.,after getting hit with an electric move heal 25% of max hp
Wandering Spirit,The Pokémon exchanges Abilities with a Pokémon that hits it with a move that makes direct contact.,"PROPOSED: After contact damage, run a post-hit reaction using the described chance, status, or ability-transfer effect.",
Water Absorb,"If hit by a Water-type move, the Pokémon has its HP restored instead of taking damage.",CURRENT RULES: Intercept Water hits and restore the configured fraction of maximum HP.,after getting hit with a water move heal 25% of max hp
Water Bubble,Lowers the power of Fire-type moves that hit the Pokémon and prevents it from being burned.,"PROPOSED: Add a conditional modifier to shared damage calculation for the move, type, target, and conditions described.",
Water Compaction,Boosts the Defense stat sharply when the Pokémon is hit by a Water-type move.,"PROPOSED: Add an incoming-hit hook; check the described move or damage condition, then apply its prevention, healing, or stat response.",
Water Veil,The Pokémon's water veil prevents it from being burned.,"PROPOSED: Check the described immunity or prevention rule before applying the affected status, move, stat, or field effect.",
Weak Armor,"The Pokémon's Defense stat is lowered when it takes damage from physical moves, but its Speed stat is sharply boosted.","PROPOSED: Apply the described Speed or action-order rule in the battle scheduler, checking its stated condition.",
Well-Baked Body,"The Pokémon takes no damage when hit by Fire-type moves. Instead, its Defense stat is sharply boosted.","PROPOSED: Add an incoming-hit hook; check the described move or damage condition, then apply its prevention, healing, or stat response.",
White Smoke,"The Pokémon is protected by its white smoke, which prevents other Pokémon from lowering its stats.","PROPOSED: Check the described immunity or prevention rule before applying the affected status, move, stat, or field effect.",
Wimp Out,The Pokémon cowardly switches out when its HP becomes half or less.,"PROPOSED: At half HP or less, trigger a forced retreat if a legal reserve unit is available.",
Wind Power,"The Pokémon becomes charged when it is hit by a wind move, boosting the power of the next Electric-type move the Pokémon uses.","PROPOSED: Add an incoming-hit hook; check the described move or damage condition, then apply its prevention, healing, or stat response.",
Wind Rider,Boosts the Pokémon's Attack stat if Tailwind takes effect or if the Pokémon is hit by a wind move. The Pokémon also takes no damage from wind moves.,"PROPOSED: Add an incoming-hit hook; check the described move or damage condition, then apply its prevention, healing, or stat response.",
Wonder Guard,Its mysterious power only lets supereffective moves hit the Pokémon.,"PROPOSED: Add a conditional modifier to shared damage calculation for the move, type, target, and conditions described.",Only Supereffective attacking moves can damage this pokemon(can still be affected by status moves)
Wonder Skin,Makes status moves more likely to miss the Pokémon.,PROPOSED: Apply the described accuracy or evasion change in attack hit-chance resolution under its stated condition.,
Zen Mode,Changes the Pokémon’s shape when HP is half or less.,"PROPOSED: At half HP or less, switch this unit to its registered alternate form and apply that form stats and types.",
Zero to Hero,The Pokémon transforms into its Hero Form when it switches out.,"PROPOSED: When this unit leaves the field, change its party form to the registered Hero Form.",
