Item,Category,Description
Flame Orb,Bad held items,Burns the holder after a turn
Full Incense,Bad held items,An item to be held by a Pokémon. This exotic-smelling incense makes the holder bloated and slow moving.
Iron Ball,Bad held items,An item to be held by a Pokémon. It lowers Speed and allows Ground-type moves to hit Flying types and holders that are levitating.
Lagging Tail,Bad held items,An item to be held by a Pokémon. It is tremendously heavy and makes the holder move slower than usual.
Sticky Barb,Bad held items,An item to be held by a Pokémon. It damages the holder every turn and may latch on to Pokémon that touch the holder.
Toxic Orb,Bad held items,An item to be held by a Pokémon. It’s a bizarre orb that will badly poison the holder during battle.
Choice Band,Choice,An item to be held by a Pokémon. This curious headband boosts Attack but only allows the use of one move.
Choice Scarf,Choice,An item to be held by a Pokémon. This curious scarf boosts Speed but only allows the use of one move.
Choice Specs,Choice,An item to be held by a Pokémon. These curious glasses boost Sp. Atk but only allow the use of one move.
Berry Sweet,Evolution,"A berry-shaped sweet. When a Milcery holds this, it spins around happily."
Black Augurite,Evolution,
Chipped Pot,Evolution,"A peculiar teapot that can make a certain species of Pokémon evolve. It may be chipped, but tea poured from it is delicious."
Clover Sweet,Evolution,"A clover-shaped sweet. When a Milcery holds this, it spins around happily."
Cracked Pot,Evolution,"A peculiar teapot that can make a certain species of Pokémon evolve. It may be cracked, but tea poured from it is delicious."
Dawn Stone,Evolution,A peculiar stone that can make certain species of Pokémon evolve. It sparkles like a glittering eye.
Dragon Scale,Evolution,A very tough and inflexible scale. Dragon-type Pokémon may be holding this item when caught.
Dubious Disc,Evolution,A transparent device overflowing with dubious data. Its producer is unknown.
Dusk Stone,Evolution,A peculiar stone that can make certain species of Pokémon evolve. It holds shadows as dark as can be.
Electirizer,Evolution,A box packed with a tremendous amount of electric energy. It’s loved by a certain Pokémon.
Fire Stone,Evolution,A peculiar stone that can make certain species of Pokémon evolve. The stone has a fiery orange heart.
Flower Sweet,Evolution,"A flower-shaped sweet. When a Milcery holds this, it spins around happily."
Ice Stone,Evolution,A peculiar stone that can make certain species of Pokémon evolve. It has an unmistakable snowflake pattern.
Leaf Stone,Evolution,A peculiar stone that can make certain species of Pokémon evolve. It has an unmistakable leaf pattern.
Linking Cord,Evolution,
Love Sweet,Evolution,"A heart-shaped sweet. When a Milcery holds this, it spins around happily."
Magmarizer,Evolution,A box packed with a tremendous amount of magma energy. It’s loved by a certain Pokémon.
Malicious Armor,Evolution,
Masterpiece Teacup,Evolution,
Moon Stone,Evolution,A peculiar stone that can make certain species of Pokémon evolve. It is as black as the night sky.
Oval Stone,Evolution,A peculiar stone that can make certain species of Pokémon evolve. It’s as round as a Pokémon Egg.
Peat Block,Evolution,
Prism Scale,Evolution,A mysterious scale that causes a certain Pokémon to evolve. It shines in rainbow colors.
Protector,Evolution,A protective item of some sort. It is extremely stiff and heavy. It’s loved by a certain Pokémon.
Reaper Cloth,Evolution,A cloth imbued with horrifyingly strong spiritual energy. It’s loved by a certain Pokémon.
Ribbon Sweet,Evolution,"A ribbon-shaped sweet. When a Milcery holds this, it spins around happily."
Sachet,Evolution,A sachet filled with fragrant perfumes that are just slightly too overwhelming. Yet it’s loved by a certain Pokémon.
Shiny Stone,Evolution,A peculiar stone that can make certain species of Pokémon evolve. It shines with a dazzling light.
Star Sweet,Evolution,"A star-shaped sweet. When a Milcery holds this, it spins around happily."
Strawberry Sweet,Evolution,"A strawberry-shaped sweet. When a Milcery holds this, it will spin around happily."
Sun Stone,Evolution,A peculiar stone that can make certain species of Pokémon evolve. It burns as red as the evening sun.
Sweet Apple,Evolution,A peculiar apple that can make a certain species of Pokémon evolve. It’s exceptionally sweet.
Syrupy Apple,Evolution,
Tart Apple,Evolution,A peculiar apple that can make a certain species of Pokémon evolve. It’s exceptionally tart.
Thunder Stone,Evolution,A peculiar stone that can make certain species of Pokémon evolve. It has a distinct thunderbolt pattern.
Unremarkable Teacup,Evolution,
Upgrade,Evolution,A transparent device somehow filled with all sorts of data. It was produced by Silph Co.
Water Stone,Evolution,A peculiar stone that can make certain species of Pokémon evolve. It is the blue of a pool of clear water.
Whipped Dream,Evolution,"A soft and sweet treat made of fluffy, puffy, whipped, and whirled cream. It’s loved by a certain Pokémon."
Acro Bike,Gameplay,This folding bike allows you to perform actions such as wheelies and bunny hops.
Adamant Crystal,Gameplay,
Adventure Guide,Gameplay,A compact device that automatically collects and records advice when a Trainer is out on an adventure.
Apricorn Box,Gameplay,A handy box where you can store up to 99 of each kind of Apricorn.
Berry Pots,Gameplay,Handy containers for cultivating Berries wherever you go.
Berry Pouch,Gameplay,A pouch for carrying BERRIES. It is attached to the BAG’s compartment for important items.
Bicycle,Gameplay,A folding Bicycle that enables a rider to get around much faster than a pair of Running Shoes will allow.
Blue Card,Gameplay,A card to save points for the Buena’s Password show.
Camping Gear,Gameplay,Everything you need to set up a tent and get cooking in a Wild Area or at a camping spot.
Catching Charm,Gameplay,"Holding it is said to increase the chance of getting a critical catch. Curiously, the charm doesn’t shake much."
Coin Case,Gameplay,"A case for holding coins obtained at the Game Corner. It can hold up to 50,000 coins."
Contest Costume,Gameplay,A very cool suit to be worn during the Contest Spectacular.
Contest Pass,Gameplay,A pass required for entering Pokémon Contests. It has a drawing of an award ribbon on its front.
Devon Scope,Gameplay,A special device made by Devon Corporation that signals the presence of any unseen Pokémon.
DNA Splicers,Gameplay,A splicer that fuses Kyurem and a certain Pokémon. They are said to have been one in the beginning.
Dowsing Machine,Gameplay,A high-tech machine that shows the location of invisible items. It’s attached to the head when in use.
Eon Flute,Gameplay,A flute that can be used to summon Latios or Latias no matter where you are.
Exp. Charm,Gameplay,A charm that increases the Exp. Points that Pokémon can get. A machine-like object is inside the charm.
Explorer Kit,Gameplay,A bag filled with convenient tools for exploring. It provides access to the Underground in the Sinnoh region.
Fame Checker,Gameplay,A device that enables you to recall what you’ve heard and seen about famous people.
Fashion Case,Gameplay,A lovely case to store colorful Props for your Pokémon to wear in a musical.
Festival Ticket,Gameplay,A ticket that allows you to host a mission in Festival Plaza.
Fishing Rod,Gameplay,A fishing rod made by Captain Lana. Cast a line over piles of underwater rocks to fish for wild aquatic Pokémon.
Fishing Rod,Gameplay,Use it by the water to fish up various kinds of Pokémon.
Forage Bag,Gameplay,A bag to carry ingredients gathered during Mallow’s trial in the jungle.
GB Sounds,Gameplay,A music player that allows you to listen to nostalgic songs. It’s operated with the flip of a single switch.
Glimmering Charm,Gameplay,
Go-Goggles,Gameplay,Nifty goggles to protect eyes from desert sandstorms.
Good Rod,Gameplay,"A new, good-quality fishing rod. Use it at any body of water to fish for wild aquatic Pokémon."
Griseous Core,Gameplay,
Hi-tech Earbuds,Gameplay,Strange earbuds that allow you to freely control the volume of various sounds.
Holo Caster,Gameplay,A device that allows users to receive and view hologram clips at any time. It’s also used to chat with others.
Journal,Gameplay,A notebook that keeps a day-to-day record of your adventure so far.
Key Stone,Gameplay,A stone filled with an unexplained power. It makes Pokémon that battle with a Mega Stone Mega Evolve.
Lens Case,Gameplay,A rather chic-looking case for carrying contact lenses.
Lustrous Globe,Gameplay,
Mach Bike,Gameplay,This folding bike more than doubles your movement speed.
Makeup Bag,Gameplay,A rather chic-looking case for carrying lipsticks.
Mark Charm,Gameplay,A mysterious and unique charm that increases the chance of finding a Pokémon with a mark.
Medal Box,Gameplay,A box-shaped machine that stores Medals and Medal information.
Mega Bracelet,Gameplay,This cuff contains an untold power that somehow enables Pokémon carrying a Mega Stone to Mega Evolve in battle.
Mega Ring,Gameplay,This ring contains an untold power that somehow enables Pokémon carrying Mega Stones to Mega Evolve in battle.
Old Rod,Gameplay,An old and beat-up fishing rod. Use it at any body of water to fish for wild aquatic Pokémon.
Oval Charm,Gameplay,An oval charm said to increase the chance of Pokémon Eggs being found at the Nursery.
Pal Pad,Gameplay,A convenient notepad that is used to register your friends and friend codes and keep a record of your gameplay.
Permit,Gameplay,A permit that is needed to enter the Nature Preserve. Not many know about it.
Poffin Case,Gameplay,A case for storing Poffins cooked from Berries.
Point Card,Gameplay,A card that lists how many Battle Points you have earned.
Poké Radar,Gameplay,A tool that can search out Pokémon that are hiding in the tall grass. Its battery is recharged as you walk.
Pokéblock Case,Gameplay,A case for holding POKéBLOCKS made with a BERRY BLENDER. It releases one POKéBLOCK when shaken.
Pokéblock Kit,Gameplay,A set containing a Berry Blender for making Pokéblocks and a Pokéblock Case for storing Pokéblocks.
Pokémon Box Link,Gameplay,A device that allows you to access the Pokémon storage system. There are some places where it won’t work.
Powder Jar,Gameplay,A jar for storing BERRY POWDER made using a BERRY CRUSHER.
Prison Bottle,Gameplay,"A bottle believed to have been used to seal away the power of a certain Pokémon long, long ago."
Prop Case,Gameplay,A lovely case to store colorful Props for your Pokémon to wear in a musical.
Rage Candy Bar,Gameplay,Mahogany Town’s famous candy. It can be used once to heal all the status conditions of a Pokémon.
Reveal Glass,Gameplay,A looking glass that reveals the truth. It’s a mysterious glass that returns a Pokémon to its original shape.
Roller Skates,Gameplay,"Attaches roller skates to the bottom of your shoes, allowing you to glide quickly around and perform tricks."
Roto Stick,Gameplay,
Rotom Bike,Gameplay,This bike can be combined with the Pokémon Rotom to use a turbo boost.
Rotom Catalog,Gameplay,A catalog of devices that Rotom like. Use the catalog to have Rotom hop in and out of the various devices listed within.
Scroll of Darkness,Gameplay,
Scroll of Waters,Gameplay,
Seal Case,Gameplay,A case for storing Seals that can be applied to the exteriors of Poké Balls.
Shiny Charm,Gameplay,A shiny charm said to increase the chance of finding a Shiny Pokémon in the wild.
Soot Sack,Gameplay,A sack used to gather and hold volcanic ash.
Sprayduck,Gameplay,"A watering can shaped like a Psyduck. It helps promote the healthy growth of any Berries planted in good, soft soil."
Sprinklotad,Gameplay,"A watering can shaped like a Lotad. It helps promote the healthy growth of any Berries planted in good, soft soil."
Style Card,Gameplay,A card that increases the selection in boutiques and hair salons.
Super Rod,Gameplay,"An awesome, high-tech fishing rod. Use it at any body of water to fish for wild aquatic Pokémon."
Teachy TV,Gameplay,A television set that is tuned to a program with useful tips for novice TRAINERS.
Teal Style Card,Gameplay,
TM Case,Gameplay,- - -
TMV Pass,Gameplay,A commuter pass that allows the holder to ride the TMV between Lumiose City and Kiloude City at any time.
Town Map,Gameplay,A very convenient map that can be viewed anytime. It even shows you your present location in the region.
Unown Report,Gameplay,A report of all the discovered kinds of Unown.
Vs. Recorder,Gameplay,An amazing device that can record a battle between friends or the battles at certain special battle facilities.
Vs. Seeker,Gameplay,A device that indicates Trainers who want to battle. Its battery charges while you walk.
Wailmer Pail,Gameplay,This is a tool for watering Berries you planted to make them grow more quickly.
Xtransceiver,Gameplay,A high-tech transceiver with a camera function. It allows up to four-way calls.
Z-Ring,Gameplay,A mysterious ring that enables Pokémon to use Z-Power. It requires both the willpower and the physical power of the Trainer wearing it.
Zygarde Cube,Gameplay,An item in which Zygarde Cores and Cells are gathered. You can also use it to change Zygarde’s forms.
Berry Juice,Healing,A 100 percent pure juice made of Berries. It can be used to restore 20 HP to a single Pokémon.
Energy Powder,Healing,A very bitter medicinal powder. It can be used to restore 60 HP to a single Pokémon.
Energy Root,Healing,An extremely bitter medicinal root. It can be used to restore 120 HP to a single Pokémon.
Fresh Water,Healing,Water with high mineral content. It can be used to restore 30 HP to a single Pokémon.
Full Restore,Healing,A medicine that can be used to fully restore the HP of a single Pokémon and heal any status conditions it has.
Hyper Potion,Healing,A spray-type medicine for treating wounds. It can be used to restore 120 HP to a single Pokémon.
Lemonade,Healing,A very sweet and refreshing drink. It can be used to restore 70 HP to a single Pokémon.
Max Potion,Healing,A spray-type medicine for treating wounds. It can be used to completely restore the max HP of a single Pokémon.
Moomoo Milk,Healing,A bottle of highly nutritious milk. It can be used to restore 100 HP to a single Pokémon.
Potion,Healing,A spray-type medicine for treating wounds. It can be used to restore 20 HP to a single Pokémon.
Soda Pop,Healing,A highly carbonated soda drink. It can be used to restore 50 HP to a single Pokémon.
Super Potion,Healing,A spray-type medicine for treating wounds. It can be used to restore 60 HP to a single Pokémon.
Sweet Heart,Healing,A piece of cloyingly sweet chocolate. It can be used to restore 20 HP to a single Pokémon.
Ability Shield,Held items,
Absorb Bulb,Held items,An item to be held by a Pokémon. It boosts Sp. Atk if the holder is hit with a Water-type attack. It can only be used once.
Adrenaline Orb,Held items,"If held by a Pokémon, it boosts Speed when intimidated."
Air Balloon,Held items,"An item to be held by a Pokémon. The holder will float in the air until hit. Once the holder is hit, this item will burst."
Assault Vest,Held items,An item to be held by a Pokémon. This offensive vest raises Sp. Def but prevents the use of status moves.
Big Root,Held items,An item to be held by a Pokémon. It boosts the amount of HP the holder restores from HP-stealing moves.
Binding Band,Held items,An item to be held by a Pokémon. It’s a band that increases the power of binding moves used by the holder.
Black Sludge,Held items,An item to be held by a Pokémon. It gradually restores HP to Poison-type Pokémon. It damages any other type.
Blunder Policy,Held items,Raises Speed sharply when a Pokémon misses with a move because of accuracy.
Booster Energy,Held items,
Bright Powder,Held items,An item to be held by a Pokémon. It casts a tricky glare that lowers the opposing Pokémon’s accuracy.
Cell Battery,Held items,An item to be held by a Pokémon. It boosts Attack if the holder is hit with an Electric-type attack. It can only be used once.
Clear Amulet,Held items,
Cornerstone Mask,Held items,
Covert Cloak,Held items,
Damp Rock,Held items,An item to be held by a Pokémon. It extends the duration of the move Rain Dance when used by the holder.
Destiny Knot,Held items,"An item to be held by a Pokémon. If the holder becomes infatuated, the opposing Pokémon will be, too."
Eject Button,Held items,"An item to be held by a Pokémon. If the holder is hit by an attack, it will be switched out of battle."
Eject Pack,Held items,"An item to be held by a Pokémon. When the holder’s stats are lowered, it will be switched out of battle."
Electric Seed,Held items,An item to be held by a Pokémon. It boosts Defense on Electric Terrain. It can only be used once.
Eviolite,Held items,"A mysterious evolutionary lump. When held by a Pokémon that can still evolve, it raises both Defense and Sp. Def."
Expert Belt,Held items,An item to be held by a Pokémon. It’s a well-worn belt that slightly boosts the power of supereffective moves.
Fairy Feather,Held items,
Float Stone,Held items,An item to be held by a Pokémon. This very light stone reduces the weight of a Pokémon when held.
Focus Band,Held items,"An item to be held by a Pokémon. The holder may endure a potential KO attack, leaving it with just 1 HP."
Focus Sash,Held items,"An item to be held by a Pokémon. If the holder has full HP, it will endure a potential KO attack with 1 HP. The item then disappears."
Grassy Seed,Held items,An item to be held by a Pokémon. It boosts Defense on Grassy Terrain. It can only be used once.
Grip Claw,Held items,"An item to be held by a Pokémon. It extends the duration of multi-turn attacks, such as Bind and Wrap."
Hearthflame Mask,Held items,
Heat Rock,Held items,An item to be held by a Pokémon. It extends the duration of the move Sunny Day when used by the holder.
Heavy-Duty Boots,Held items,These boots prevent the effects of traps set on the battlefield.
Icy Rock,Held items,An item to be held by a Pokémon. It extends the duration of the move Hail when used by the holder.
King’s Rock,Held items,"An item to be held by a Pokémon. When the holder successfully inflicts damage, the target may also flinch."
Lax Incense,Held items,An item to be held by a Pokémon. The beguiling aroma of this incense may cause attacks to miss its holder.
Leftovers,Held items,An item to be held by a Pokémon. The holder’s HP is slowly but steadily restored throughout every battle.
Life Orb,Held items,An item to be held by a Pokémon. It boosts the power of moves but at the cost of some HP on each hit.
Light Clay,Held items,An item to be held by a Pokémon. Protective moves like Light Screen and Reflect will be effective longer.
Loaded Dice,Held items,
Luminous Moss,Held items,An item to be held by a Pokémon. It boosts Sp. Def if the holder is hit with a Water-type attack. It can only be used once.
Mental Herb,Held items,An item to be held by a Pokémon. The holder shakes off move-binding effects to move freely. It can be used only once.
Metronome,Held items,An item to be held by a Pokémon. It boosts moves used consecutively but only until a different move is used.
Mirror Herb,Held items,
Misty Seed,Held items,An item to be held by a Pokémon. It boosts Sp. Def on Misty Terrain. It can only be used once.
Muscle Band,Held items,"An item to be held by a Pokémon. This headband exudes strength, slightly boosting the power of physical moves."
Pass Orb,Held items,"A mysterious orb containing the power of the Unova region, to be used when generating Pass Power."
Power Herb,Held items,A single-use item to be held by a Pokémon. It allows the holder to immediately use a move that normally requires a turn to charge.
Protective Pads,Held items,An item to be held by a Pokémon. These pads protect the holder from effects caused by making direct contact with the target.
Psychic Seed,Held items,An item to be held by a Pokémon. It boosts Sp. Def on Psychic Terrain. It can only be used once.
Punching Glove,Held items,
Quick Claw,Held items,"An item to be held by a Pokémon. This light, sharp claw lets the bearer move first occasionally."
Razor Claw,Held items,An item to be held by a Pokémon. This sharply hooked claw increases the holder’s critical-hit ratio.
Razor Fang,Held items,"An item to be held by a Pokémon. When the holder successfully inflicts damage, the target may also flinch."
Red Card,Held items,"An item to be held by a Pokémon. When the holder is hit by an attack, the attacker is removed from battle."
Ring Target,Held items,An item to be held by a Pokémon. Moves that normally have no effect will land on a Pokémon holding it.
Rocky Helmet,Held items,"An item to be held by a Pokémon. If the holder is hit, the attacker will also be damaged upon contact."
Room Service,Held items,An item to be held by a Pokémon. Lowers Speed when Trick Room takes effect.
Safety Goggles,Held items,An item to be held by a Pokémon. These goggles protect the holder from both weather-related damage and powder.
Scope Lens,Held items,An item to be held by a Pokémon. It’s a lens for scoping out weak points. It boosts the holder’s critical-hit ratio.
Shed Shell,Held items,An item to be held by a Pokémon. This discarded carapace enables the holder to switch out of battle without fail.
Shell Bell,Held items,An item to be held by a Pokémon. The holder restores a little HP every time it inflicts damage on others.
Smoke Ball,Held items,An item to be held by a Pokémon. It enables the holder to flee from any wild Pokémon encounter without fail.
Smooth Rock,Held items,An item to be held by a Pokémon. It extends the duration of the move Sandstorm when used by the holder.
Snowball,Held items,An item to be held by a Pokémon. It boosts Attack if the holder is hit with an Ice-type attack. It can only be used once.
Terrain Extender,Held items,An item to be held by a Pokémon. It extends the duration of the terrain caused by the holder’s move or Ability.
Throat Spray,Held items,Raises Sp. Atk when a Pokémon uses a sound-based move.
Utility Umbrella,Held items,An item to be held by a Pokémon. This sturdy umbrella protects the holder from the effects of rain and harsh sunlight.
Weakness Policy,Held items,An item to be held by a Pokémon. Attack and Sp. Atk sharply increase if the holder is hit with a move it’s weak to.
Wellspring Mask,Held items,
White Herb,Held items,An item to be held by a Pokémon. It will restore any lowered stat in battle. It can be used only once.
Wide Lens,Held items,An item to be held by a Pokémon. It’s a magnifying lens that slightly boosts the accuracy of moves.
Wise Glasses,Held items,An item to be held by a Pokémon. This thick pair of glasses slightly boosts the power of special moves.
Zoom Lens,Held items,"An item to be held by a Pokémon. If the holder moves after its target moves, its accuracy will be boosted."
Apicot Berry,In a pinch,"A Berry to be consumed by Pokémon. If a Pokémon holds one, its Sp. Def stat will increase when it’s in a pinch."
Custap Berry,In a pinch,"A Berry to be consumed by Pokémon. If a Pokémon holds one, it will be able to move first just once when it’s in a pinch."
Ganlon Berry,In a pinch,"A Berry to be consumed by Pokémon. If a Pokémon holds one, its Defense stat will increase when it’s in a pinch."
Lansat Berry,In a pinch,"A Berry to be consumed by Pokémon. If a Pokémon holds one, its critical-hit ratio will increase when it’s in a pinch."
Liechi Berry,In a pinch,"A Berry to be consumed by Pokémon. If a Pokémon holds one, its Attack stat will increase when it’s in a pinch."
Micle Berry,In a pinch,"A Berry to be consumed by Pokémon. If a Pokémon holds one, its accuracy will increase just once when it’s in a pinch."
Petaya Berry,In a pinch,"A Berry to be consumed by Pokémon. If a Pokémon holds one, its Sp. Atk stat will increase when it’s in a pinch."
Salac Berry,In a pinch,"A Berry to be consumed by Pokémon. If a Pokémon holds one, its Speed stat will increase when it’s in a pinch."
Starf Berry,In a pinch,"A Berry to be consumed by Pokémon. If a Pokémon holds one, one of its stats will sharply increase when it’s in a pinch."
Bug Gem,Jewels,"A gem with an insect-like essence. When held, it strengthens the power of a Bug-type move one time."
Dark Gem,Jewels,"A gem with an essence of darkness. When held, it strengthens the power of a Dark-type move one time."
Dragon Gem,Jewels,"A gem with a draconic essence. When held, it strengthens the power of a Dragon-type move one time."
Electric Gem,Jewels,"A gem with an essence of electricity. When held, it strengthens the power of an Electric-type move one time."
Fairy Gem,Jewels,"A gem with an essence of the fey. When held, it strengthens the power of a Fairy-type move one time."
Fighting Gem,Jewels,"A gem with an essence of combat. When held, it strengthens the power of a Fighting-type move one time."
Fire Gem,Jewels,"A gem with an essence of fire. When held, it strengthens the power of a Fire-type move one time."
Flying Gem,Jewels,"A gem with an essence of air. When held, it strengthens the power of a Flying-type move one time."
Ghost Gem,Jewels,"A gem with a spectral essence. When held, it strengthens the power of a Ghost-type move one time."
Grass Gem,Jewels,"A gem with an essence of nature. When held, it strengthens the power of a Grass-type move one time."
Ground Gem,Jewels,"A gem with an essence of land. When held, it strengthens the power of a Ground-type move one time."
Ice Gem,Jewels,"A gem with an essence of ice. When held, it strengthens the power of an Ice-type move one time."
Normal Gem,Jewels,"A gem with an ordinary essence. When held, it strengthens the power of a Normal-type move one time."
Poison Gem,Jewels,"A gem with an essence of poison. When held, it strengthens the power of a Poison-type move one time."
Psychic Gem,Jewels,"A gem with an essence of the mind. When held, it strengthens the power of a Psychic-type move one time."
Rock Gem,Jewels,"A gem with an essence of rock. When held, it strengthens the power of a Rock-type move one time."
Steel Gem,Jewels,"A gem with an essence of steel. When held, it strengthens the power of a Steel-type move one time."
Water Gem,Jewels,"A gem with an essence of water. When held, it strengthens the power of a Water-type move one time."
Aspear Berry,Medicine,"A Berry to be consumed by Pokémon. If a Pokémon holds one, it can recover from being frozen on its own in battle."
Cheri Berry,Medicine,"A Berry to be consumed by Pokémon. If a Pokémon holds one, it can recover from paralysis on its own in battle."
Chesto Berry,Medicine,"A Berry to be consumed by Pokémon. If a Pokémon holds one, it can recover from sleep on its own in battle."
Leppa Berry,Medicine,"A Berry to be consumed by Pokémon. If a Pokémon holds one, it can restore 10 PP to a depleted move during battle."
Lum Berry,Medicine,"A Berry to be consumed by Pokémon. If a Pokémon holds one, it can recover from any status condition during battle."
Oran Berry,Medicine,"A Berry to be consumed by Pokémon. If a Pokémon holds one, it can restore its own HP by 10 points during battle."
Pecha Berry,Medicine,"A Berry to be consumed by Pokémon. If a Pokémon holds one, it can recover from poisoning on its own in battle."
Persim Berry,Medicine,"A Berry to be consumed by Pokémon. If a Pokémon holds one, it can recover from confusion on its own in battle."
Rawst Berry,Medicine,"A Berry to be consumed by Pokémon. If a Pokémon holds one, it can recover from a burn on its own in battle."
Sitrus Berry,Medicine,"A Berry to be consumed by Pokémon. If a Pokémon holds one, it can restore its own HP by a small amount during battle."
Abomasite,Mega Stones,"One of a variety of mysterious Mega Stones. Have Abomasnow hold it, and this stone will enable it to Mega Evolve during battle."
Absolite,Mega Stones,"One of a variety of mysterious Mega Stones. Have Absol hold it, and this stone will enable it to Mega Evolve during battle."
Aerodactylite,Mega Stones,"One of a variety of mysterious Mega Stones. Have Aerodactyl hold it, and this stone will enable it to Mega Evolve during battle."
Aggronite,Mega Stones,"One of a variety of mysterious Mega Stones. Have Aggron hold it, and this stone will enable it to Mega Evolve during battle."
Alakazite,Mega Stones,"One of a variety of mysterious Mega Stones. Have Alakazam hold it, and this stone will enable it to Mega Evolve during battle."
Altarianite,Mega Stones,"One of a variety of mysterious Mega Stones. Have Altaria hold it, and this stone will enable it to Mega Evolve during battle."
Ampharosite,Mega Stones,"One of a variety of mysterious Mega Stones. Have Ampharos hold it, and this stone will enable it to Mega Evolve during battle."
Audinite,Mega Stones,"One of a variety of mysterious Mega Stones. Have Audino hold it, and this stone will enable it to Mega Evolve during battle."
Banettite,Mega Stones,"One of a variety of mysterious Mega Stones. Have Banette hold it, and this stone will enable it to Mega Evolve during battle."
Beedrillite,Mega Stones,"One of a variety of mysterious Mega Stones. Have Beedrill hold it, and this stone will enable it to Mega Evolve during battle."
Blastoisinite,Mega Stones,"One of a variety of mysterious Mega Stones. Have Blastoise hold it, and this stone will enable it to Mega Evolve during battle."
Blazikenite,Mega Stones,"One of a variety of mysterious Mega Stones. Have Blaziken hold it, and this stone will enable it to Mega Evolve during battle."
Cameruptite,Mega Stones,"One of a variety of mysterious Mega Stones. Have Camerupt hold it, and this stone will enable it to Mega Evolve during battle."
Charizardite X,Mega Stones,"One of a variety of mysterious Mega Stones. Have Charizard hold it, and this stone will enable it to Mega Evolve during battle."
Charizardite Y,Mega Stones,"One of a variety of mysterious Mega Stones. Have Charizard hold it, and this stone will enable it to Mega Evolve during battle."
Diancite,Mega Stones,"One of a variety of mysterious Mega Stones. Have Diancie hold it, and this stone will enable it to Mega Evolve during battle."
Galladite,Mega Stones,"One of a variety of mysterious Mega Stones. Have Gallade hold it, and this stone will enable it to Mega Evolve during battle."
Garchompite,Mega Stones,"One of a variety of mysterious Mega Stones. Have Garchomp hold it, and this stone will enable it to Mega Evolve during battle."
Gardevoirite,Mega Stones,"One of a variety of mysterious Mega Stones. Have Gardevoir hold it, and this stone will enable it to Mega Evolve during battle."
Gengarite,Mega Stones,"One of a variety of mysterious Mega Stones. Have Gengar hold it, and this stone will enable it to Mega Evolve during battle."
Glalitite,Mega Stones,"One of a variety of mysterious Mega Stones. Have Glalie hold it, and this stone will enable it to Mega Evolve during battle."
Gyaradosite,Mega Stones,"One of a variety of mysterious Mega Stones. Have Gyarados hold it, and this stone will enable it to Mega Evolve during battle."
Heracronite,Mega Stones,"One of a variety of mysterious Mega Stones. Have Heracross hold it, and this stone will enable it to Mega Evolve during battle."
Houndoominite,Mega Stones,"One of a variety of mysterious Mega Stones. Have Houndoom hold it, and this stone will enable it to Mega Evolve during battle."
Kangaskhanite,Mega Stones,"One of a variety of mysterious Mega Stones. Have Kangaskhan hold it, and this stone will enable it to Mega Evolve during battle."
Latiasite,Mega Stones,"One of a variety of mysterious Mega Stones. Have Latias hold it, and this stone will enable it to Mega Evolve during battle."
Latiosite,Mega Stones,"One of a variety of mysterious Mega Stones. Have Latios hold it, and this stone will enable it to Mega Evolve during battle."
Lopunnite,Mega Stones,"One of a variety of mysterious Mega Stones. Have Lopunny hold it, and this stone will enable it to Mega Evolve during battle."
Lucarionite,Mega Stones,"One of a variety of mysterious Mega Stones. Have Lucario hold it, and this stone will enable it to Mega Evolve during battle."
Manectite,Mega Stones,"One of a variety of mysterious Mega Stones. Have Manectric hold it, and this stone will enable it to Mega Evolve during battle."
Mawilite,Mega Stones,"One of a variety of mysterious Mega Stones. Have Mawile hold it, and this stone will enable it to Mega Evolve during battle."
Medichamite,Mega Stones,"One of a variety of mysterious Mega Stones. Have Medicham hold it, and this stone will enable it to Mega Evolve during battle."
Metagrossite,Mega Stones,"One of a variety of mysterious Mega Stones. Have Metagross hold it, and this stone will enable it to Mega Evolve during battle."
Mewtwonite X,Mega Stones,"One of a variety of mysterious Mega Stones. Have Mewtwo hold it, and this stone will enable it to Mega Evolve during battle."
Mewtwonite Y,Mega Stones,"One of a variety of mysterious Mega Stones. Have Mewtwo hold it, and this stone will enable it to Mega Evolve during battle."
Pidgeotite,Mega Stones,"One of a variety of mysterious Mega Stones. Have Pidgeot hold it, and this stone will enable it to Mega Evolve during battle."
Pinsirite,Mega Stones,"One of a variety of mysterious Mega Stones. Have Pinsir hold it, and this stone will enable it to Mega Evolve during battle."
Sablenite,Mega Stones,"One of a variety of mysterious Mega Stones. Have Sableye hold it, and this stone will enable it to Mega Evolve during battle."
Salamencite,Mega Stones,"One of a variety of mysterious Mega Stones. Have Salamence hold it, and this stone will enable it to Mega Evolve during battle."
Sceptilite,Mega Stones,"One of a variety of mysterious Mega Stones. Have Sceptile hold it, and this stone will enable it to Mega Evolve during battle."
Scizorite,Mega Stones,"One of a variety of mysterious Mega Stones. Have Scizor hold it, and this stone will enable it to Mega Evolve during battle."
Sharpedonite,Mega Stones,"One of a variety of mysterious Mega Stones. Have Sharpedo hold it, and this stone will enable it to Mega Evolve during battle."
Slowbronite,Mega Stones,"One of a variety of mysterious Mega Stones. Have Slowbro hold it, and this stone will enable it to Mega Evolve during battle."
Steelixite,Mega Stones,"One of a variety of mysterious Mega Stones. Have Steelix hold it, and this stone will enable it to Mega Evolve during battle."
Swampertite,Mega Stones,"One of a variety of mysterious Mega Stones. Have Swampert hold it, and this stone will enable it to Mega Evolve during battle."
Tyranitarite,Mega Stones,"One of a variety of mysterious Mega Stones. Have Tyranitar hold it, and this stone will enable it to Mega Evolve during battle."
Venusaurite,Mega Stones,"One of a variety of mysterious Mega Stones. Have Venusaur hold it, and this stone will enable it to Mega Evolve during battle."
Bug Memory,Memories,A memory disc that contains Bug-type data. It changes the type of the holder if held by a certain species of Pokémon.
Dark Memory,Memories,A memory disc that contains Dark-type data. It changes the type of the holder if held by a certain species of Pokémon.
Dragon Memory,Memories,A memory disc that contains Dragon-type data. It changes the type of the holder if held by a certain species of Pokémon.
Electric Memory,Memories,A memory disc that contains Electric-type data. It changes the type of the holder if held by a certain species of Pokémon.
Fairy Memory,Memories,A memory disc that contains Fairy-type data. It changes the type of the holder if held by a certain species of Pokémon.
Fighting Memory,Memories,A memory disc that contains Fighting-type data. It changes the type of the holder if held by a certain species of Pokémon.
Fire Memory,Memories,A memory disc that contains Fire-type data. It changes the type of the holder if held by a certain species of Pokémon.
Flying Memory,Memories,A memory disc that contains Flying-type data. It changes the type of the holder if held by a certain species of Pokémon.
Ghost Memory,Memories,A memory disc that contains Ghost-type data. It changes the type of the holder if held by a certain species of Pokémon.
Grass Memory,Memories,A memory disc that contains Grass-type data. It changes the type of the holder if held by a certain species of Pokémon.
Ground Memory,Memories,A memory disc that contains Ground-type data. It changes the type of the holder if held by a certain species of Pokémon.
Ice Memory,Memories,A memory disc that contains Ice-type data. It changes the type of the holder if held by a certain species of Pokémon.
Poison Memory,Memories,A memory disc that contains Poison-type data. It changes the type of the holder if held by a certain species of Pokémon.
Psychic Memory,Memories,A memory disc that contains Psychic-type data. It changes the type of the holder if held by a certain species of Pokémon.
Rock Memory,Memories,A memory disc that contains Rock-type data. It changes the type of the holder if held by a certain species of Pokémon.
Steel Memory,Memories,A memory disc that contains Steel-type data. It changes the type of the holder if held by a certain species of Pokémon.
Water Memory,Memories,A memory disc that contains Water-type data. It changes the type of the holder if held by a certain species of Pokémon.
Aguav Berry,Picky healing,"If held by a Pokémon, it restores the user’s HP in a pinch, but it will cause confusion if the user hates the taste."
Figy Berry,Picky healing,"If held by a Pokémon, it restores the user’s HP in a pinch, but it will cause confusion if the user hates the taste."
Iapapa Berry,Picky healing,"If held by a Pokémon, it restores the user’s HP in a pinch, but it will cause confusion if the user hates the taste."
Mago Berry,Picky healing,"If held by a Pokémon, it restores the user’s HP in a pinch, but it will cause confusion if the user hates the taste."
Wiki Berry,Picky healing,"If held by a Pokémon, it restores the user’s HP in a pinch, but it will cause confusion if the user hates the taste."
Blank Plate,Plates,
Draco Plate,Plates,An item to be held by a Pokémon. It’s a stone tablet that boosts the power of Dragon-type moves.
Dread Plate,Plates,An item to be held by a Pokémon. It’s a stone tablet that boosts the power of Dark-type moves.
Earth Plate,Plates,An item to be held by a Pokémon. It’s a stone tablet that boosts the power of Ground-type moves.
Fist Plate,Plates,An item to be held by a Pokémon. It’s a stone tablet that boosts the power of Fighting-type moves.
Flame Plate,Plates,An item to be held by a Pokémon. It’s a stone tablet that boosts the power of Fire-type moves.
Icicle Plate,Plates,An item to be held by a Pokémon. It’s a stone tablet that boosts the power of Ice-type moves.
Insect Plate,Plates,An item to be held by a Pokémon. It’s a stone tablet that boosts the power of Bug-type moves.
Iron Plate,Plates,An item to be held by a Pokémon. It’s a stone tablet that boosts the power of Steel-type moves.
Legend Plate,Plates,
Meadow Plate,Plates,An item to be held by a Pokémon. It’s a stone tablet that boosts the power of Grass-type moves.
Mind Plate,Plates,An item to be held by a Pokémon. It’s a stone tablet that boosts the power of Psychic-type moves.
Pixie Plate,Plates,An item to be held by a Pokémon. It’s a stone tablet that boosts the power of Fairy-type moves.
Sky Plate,Plates,An item to be held by a Pokémon. It’s a stone tablet that boosts the power of Flying-type moves.
Splash Plate,Plates,An item to be held by a Pokémon. It’s a stone tablet that boosts the power of Water-type moves.
Spooky Plate,Plates,An item to be held by a Pokémon. It’s a stone tablet that boosts the power of Ghost-type moves.
Stone Plate,Plates,An item to be held by a Pokémon. It’s a stone tablet that boosts the power of Rock-type moves.
Toxic Plate,Plates,An item to be held by a Pokémon. It’s a stone tablet that boosts the power of Poison-type moves.
Zap Plate,Plates,An item to be held by a Pokémon. It’s a stone tablet that boosts the power of Electric-type moves.
Max Honey,Revival,Honey that Dynamax Vespiquen produces. Adding this honey to Max Soup makes the taste very smooth. It also has the same effect as a Max Revive.
Max Revive,Revival,A medicine that can be used to revive a single Pokémon that has fainted. It also fully restores the Pokémon’s max HP.
Revival Herb,Revival,A terribly bitter medicinal herb. It revives a fainted Pokémon and fully restores its max HP.
Revive,Revival,A medicine that can be used to revive a single Pokémon that has fainted. It also restores half of the Pokémon’s max HP.
Sacred Ash,Revival,"This rare ash can revive all fainted Pokémon in a party. In doing so, it also fully restores their max HP."
Adamant Orb,Species-specific,A brightly gleaming orb to be held by Dialga. It boosts the power of Dragon- and Steel-type moves when it is held.
Burn Drive,Species-specific,A cassette to be held by Genesect. It changes Genesect’s Techno Blast move so it becomes Fire type.
Chill Drive,Species-specific,A cassette to be held by Genesect. It changes Genesect’s Techno Blast move so it becomes Ice type.
Deep Sea Scale,Species-specific,An item to be held by Clamperl. This scale shines with a faint pink and raises the holder’s Sp. Def stat.
Deep Sea Tooth,Species-specific,An item to be held by Clamperl. This fang gleams a sharp silver and raises the holder’s Sp. Atk stat.
Douse Drive,Species-specific,A cassette to be held by Genesect. It changes Genesect’s Techno Blast move so it becomes Water type.
Griseous Orb,Species-specific,A glowing orb to be held by Giratina. It boosts the power of Dragon- and Ghost-type moves when it is held.
Leek,Species-specific,An item to be held by Farfetch’d. This very long and stiff stalk of leek boosts its critical-hit ratio.
Light Ball,Species-specific,An item to be held by Pikachu. It’s a puzzling orb that boosts its Attack and Sp. Atk stats.
Lucky Punch,Species-specific,An item to be held by Chansey. This pair of lucky boxing gloves will boost Chansey’s critical-hit ratio.
Lustrous Orb,Species-specific,A beautifully glowing orb to be held by Palkia. It boosts the power of Dragon- and Water-type moves when it is held.
Metal Powder,Species-specific,"An item to be held by Ditto. Extremely fine yet hard, this odd powder boosts the Defense stat."
Pink Nectar,Species-specific,A flower nectar obtained from the flowering shrubs on Royal Avenue. It changes the form of certain species of Pokémon.
Purple Nectar,Species-specific,A flower nectar obtained at Poni Meadow. It changes the form of certain species of Pokémon.
Quick Powder,Species-specific,"An item to be held by Ditto. Extremely fine yet hard, this odd powder boosts the Speed stat."
Red Nectar,Species-specific,A flower nectar obtained at Ula’ula Meadow. It changes the form of certain species of Pokémon.
Rusted Shield,Species-specific,It is said that a hero used this shield to halt a terrible disaster in ancient times. But it’s grown rusty and worn.
Rusted Sword,Species-specific,It is said that a hero used this sword to halt a terrible disaster in ancient times. But it’s grown rusty and worn.
Shock Drive,Species-specific,A cassette to be held by Genesect. It changes Genesect’s Techno Blast move so it becomes Electric type.
Soul Dew,Species-specific,A wondrous orb to be held by either Latios or Latias. It raises the power of Psychic- and Dragon-type moves.
Thick Club,Species-specific,An item to be held by Cubone or Marowak. It’s a hard bone of some sort that boosts the Attack stat.
Yellow Nectar,Species-specific,A flower nectar obtained at Melemele Meadow. It changes the form of certain species of Pokémon.
Dire Hit,Stat boosts,An item that greatly raises the critical-hit ratio of a Pokémon during a battle. It can be used only once and wears off if the Pokémon is withdrawn.
Guard Spec.,Stat boosts,An item that prevents stat reduction among the Trainer’s party Pokémon for five turns after it is used in battle.
Max Mushrooms,Stat boosts,Mushrooms that have the power of changing Dynamax forms. They boost all stats of a Pokémon during battle.
X Accuracy,Stat boosts,An item that sharply boosts the accuracy of a Pokémon during a battle. It wears off once the Pokémon is withdrawn.
X Attack,Stat boosts,An item that sharply boosts the Attack stat of a Pokémon during a battle. It wears off once the Pokémon is withdrawn.
X Defense,Stat boosts,An item that sharply boosts the Defense stat of a Pokémon during a battle. It wears off once the Pokémon is withdrawn.
X Sp. Atk,Stat boosts,An item that sharply boosts the Sp. Atk stat of a Pokémon during a battle. It wears off once the Pokémon is withdrawn.
X Sp. Def,Stat boosts,An item that sharply boosts the Sp. Def stat of a Pokémon during a battle. It wears off once the Pokémon is withdrawn.
X Speed,Stat boosts,An item that sharply boosts the Speed stat of a Pokémon during a battle. It wears off once the Pokémon is withdrawn.
Antidote,Status cures,A spray-type medicine for treating poisoning. It can be used to lift the effects of being poisoned from a single Pokémon.
Awakening,Status cures,A spray-type medicine to wake the sleeping. It can be used to rouse a single Pokémon from the clutches of sleep.
Big Malasada,Status cures,The Alola region’s local specialty—fried bread. It can be used once to heal all the status conditions of a Pokémon.
Burn Heal,Status cures,A spray-type medicine for treating burns. It can be used to heal a single Pokémon suffering from a burn.
Casteliacone,Status cures,"Castelia City’s specialty, soft-serve ice cream. It can be used once to heal all the status conditions of a Pokémon."
Full Heal,Status cures,A spray-type medicine that is broadly effective. It can be used to heal all the status conditions of a single Pokémon.
Heal Powder,Status cures,A very bitter medicinal powder. It can be used once to heal all the status conditions of a Pokémon.
Ice Heal,Status cures,A spray-type medicine for treating freezing. It can be used to thaw out a single Pokémon that has been frozen solid.
Lava Cookie,Status cures,Lavaridge Town’s local specialty. It can be used once to heal all the status conditions of a Pokémon.
Lumiose Galette,Status cures,A popular treat in Lumiose City. It can be used once to heal all the status conditions of a Pokémon.
Old Gateau,Status cures,The Old Chateau’s hidden specialty. It can be used once to heal all the status conditions of a Pokémon.
Paralyze Heal,Status cures,A spray-type medicine for treating paralysis. It can be used to free a single Pokémon that has been paralyzed.
Pewter Crunchies,Status cures,Pewter City’s famous crunchy snack. They can be used to heal all status conditions of a single Pokémon.
Shalour Sable,Status cures,Shalour City’s famous shortbread. It can be used once to heal all the status conditions of a Pokémon.
Black Belt,Type enhancement,An item to be held by a Pokémon. This belt helps the wearer to focus and boosts the power of Fighting-type moves.
Black Glasses,Type enhancement,An item to be held by a Pokémon. It’s a pair of shady-looking glasses that boost the power of Dark-type moves.
Charcoal,Type enhancement,An item to be held by a Pokémon. It’s a combustible fuel that boosts the power of Fire-type moves.
Dragon Fang,Type enhancement,An item to be held by a Pokémon. This hard and sharp fang boosts the power of Dragon-type moves.
Hard Stone,Type enhancement,An item to be held by a Pokémon. It’s a durable stone that boosts the power of Rock-type moves.
Magnet,Type enhancement,An item to be held by a Pokémon. It’s a powerful magnet that boosts the power of Electric-type moves.
Metal Coat,Type enhancement,An item to be held by a Pokémon. It’s a special metallic film that can boost the power of Steel-type moves.
Miracle Seed,Type enhancement,An item to be held by a Pokémon. It’s a seed imbued with life-force that boosts the power of Grass-type moves.
Mystic Water,Type enhancement,An item to be held by a Pokémon. This teardrop-shaped gem boosts the power of Water-type moves.
Never-Melt Ice,Type enhancement,An item to be held by a Pokémon. It’s a heat- repelling piece of ice that boosts the power of Ice-type moves.
Odd Incense,Type enhancement,An item to be held by a Pokémon. This exotic-smelling incense boosts the power of Psychic-type moves.
Poison Barb,Type enhancement,"An item to be held by a Pokémon. This small, poisonous barb boosts the power of Poison-type moves."
Rock Incense,Type enhancement,An item to be held by a Pokémon. This exotic-smelling incense boosts the power of Rock-type moves.
Rose Incense,Type enhancement,An item to be held by a Pokémon. This exotic-smelling incense boosts the power of Grass-type moves.
Sea Incense,Type enhancement,An item to be held by a Pokémon. This incense has a curious aroma that boosts the power of Water-type moves.
Sharp Beak,Type enhancement,"An item to be held by a Pokémon. It’s a long, sharp beak that boosts the power of Flying-type moves."
Silk Scarf,Type enhancement,An item to be held by a Pokémon. It’s a sumptuous scarf that boosts the power of Normal-type moves.
Silver Powder,Type enhancement,An item to be held by a Pokémon. It’s a shiny silver powder that will boost the power of Bug-type moves.
Soft Sand,Type enhancement,"An item to be held by a Pokémon. It’s a loose, silky sand that boosts the power of Ground-type moves."
Spell Tag,Type enhancement,"An item to be held by a Pokémon. It’s a sinister, eerie tag that boosts the power of Ghost-type moves."
Twisted Spoon,Type enhancement,An item to be held by a Pokémon. This spoon is imbued with telekinetic power and boosts Psychic-type moves.
Wave Incense,Type enhancement,An item to be held by a Pokémon. This incense has a curious aroma that boosts the power of Water-type moves.
Babiri Berry,Type protection,"If held by a Pokémon, this Berry will lessen the damage taken from one supereffective Steel-type attack."
Charti Berry,Type protection,"If held by a Pokémon, this Berry will lessen the damage taken from one supereffective Rock-type attack."
Chilan Berry,Type protection,"If held by a Pokémon, this Berry will lessen the damage taken from one Normal-type attack."
Chople Berry,Type protection,"If held by a Pokémon, this Berry will lessen the damage taken from one supereffective Fighting-type attack."
Coba Berry,Type protection,"If held by a Pokémon, this Berry will lessen the damage taken from one supereffective Flying-type attack."
Colbur Berry,Type protection,"If held by a Pokémon, this Berry will lessen the damage taken from one supereffective Dark-type attack."
Haban Berry,Type protection,"If held by a Pokémon, this Berry will lessen the damage taken from one supereffective Dragon-type attack."
Kasib Berry,Type protection,"If held by a Pokémon, this Berry will lessen the damage taken from one supereffective Ghost-type attack."
Kebia Berry,Type protection,"If held by a Pokémon, this Berry will lessen the damage taken from one supereffective Poison-type attack."
Occa Berry,Type protection,"If held by a Pokémon, this Berry will lessen the damage taken from one supereffective Fire-type attack."
Passho Berry,Type protection,"If held by a Pokémon, this Berry will lessen the damage taken from one supereffective Water-type attack."
Payapa Berry,Type protection,"If held by a Pokémon, this Berry will lessen the damage taken from one supereffective Psychic-type attack."
Rindo Berry,Type protection,"If held by a Pokémon, this Berry will lessen the damage taken from one supereffective Grass-type attack."
Roseli Berry,Type protection,"If held by a Pokémon, this Berry will lessen the damage taken from one supereffective Fairy-type attack."
Shuca Berry,Type protection,"If held by a Pokémon, this Berry will lessen the damage taken from one supereffective Ground-type attack."
Tanga Berry,Type protection,"If held by a Pokémon, this Berry will lessen the damage taken from one supereffective Bug-type attack."
Wacan Berry,Type protection,"If held by a Pokémon, this Berry will lessen the damage taken from one supereffective Electric-type attack."
Yache Berry,Type protection,"If held by a Pokémon, this Berry will lessen the damage taken from one supereffective Ice-type attack."
Aloraichium Z,Z-Crystals,This is a crystallized form of Z-Power. It upgrades Alolan Raichu’s Thunderbolt to a Z-Move.
Buginium Z,Z-Crystals,This is a crystallized form of Z-Power. It upgrades Bug-type moves to Z-Moves.
Darkinium Z,Z-Crystals,This is a crystallized form of Z-Power. It upgrades Dark-type moves to Z-Moves.
Decidium Z,Z-Crystals,This is a crystallized form of Z-Power. It upgrades Decidueye’s Spirit Shackle to a Z-Move.
Dragonium Z,Z-Crystals,This is a crystallized form of Z-Power. It upgrades Dragon-type moves to Z-Moves.
Eevium Z,Z-Crystals,This is a crystallized form of Z-Power. It upgrades Eevee’s Last Resort to a Z-Move.
Electrium Z,Z-Crystals,This is a crystallized form of Z-Power. It upgrades Electric-type moves to Z-Moves.
Fairium Z,Z-Crystals,This is a crystallized form of Z-Power. It upgrades Fairy-type moves to Z-Moves.
Fightinium Z,Z-Crystals,This is a crystallized form of Z-Power. It upgrades Fighting-type moves to Z-Moves.
Firium Z,Z-Crystals,This is a crystallized form of Z-Power. It upgrades Fire-type moves to Z-Moves.
Flyinium Z,Z-Crystals,This is a crystallized form of Z-Power. It upgrades Flying-type moves to Z-Moves.
Ghostium Z,Z-Crystals,This is a crystallized form of Z-Power. It upgrades Ghost-type moves to Z-Moves.
Grassium Z,Z-Crystals,This is a crystallized form of Z-Power. It upgrades Grass-type moves to Z-Moves.
Groundium Z,Z-Crystals,This is a crystallized form of Z-Power. It upgrades Ground-type moves to Z-Moves.
Icium Z,Z-Crystals,This is a crystallized form of Z-Power. It upgrades Ice-type moves to Z-Moves.
Incinium Z,Z-Crystals,This is a crystallized form of Z-Power. It upgrades Incineroar’s Darkest Lariat to a Z-Move.
Marshadium Z,Z-Crystals,This is a crystallized form of Z-Power. It upgrades Marshadow’s Spectral Thief to a Z-Move.
Mewnium Z,Z-Crystals,This is a crystallized form of Z-Power. It upgrades Mew’s Psychic to a Z-Move.
Normalium Z,Z-Crystals,This is a crystallized form of Z-Power. It upgrades Normal-type moves to Z-Moves.
Pikanium Z,Z-Crystals,This is a crystallized form of Z-Power. It upgrades Pikachu’s Volt Tackle to a Z-Move.
Pikashunium Z,Z-Crystals,This is a crystallized form of Z-Power. It upgrades a Thunderbolt by Pikachu in a cap to a Z-Move.
Poisonium Z,Z-Crystals,This is a crystallized form of Z-Power. It upgrades Poison-type moves to Z-Moves.
Primarium Z,Z-Crystals,This is a crystallized form of Z-Power. It upgrades Primarina’s Sparkling Aria to a Z-Move.
Psychium Z,Z-Crystals,This is a crystallized form of Z-Power. It upgrades Psychic-type moves to Z-Moves.
Rockium Z,Z-Crystals,This is a crystallized form of Z-Power. It upgrades Rock-type moves to Z-Moves.
Snorlium Z,Z-Crystals,This is a crystallized form of Z-Power. It upgrades Snorlax’s Giga Impact to a Z-Move.
Steelium Z,Z-Crystals,This is a crystallized form of Z-Power. It upgrades Steel-type moves to Z-Moves.
Tapunium Z,Z-Crystals,This is a crystallized form of Z-Power. It upgrades the tapu’s Nature’s Madness to a Z-Move.
Waterium Z,Z-Crystals,This is a crystallized form of Z-Power. It upgrades Water-type moves to Z-Moves.
