TM No,Name
TM001,Take Down
TM002,Charm
TM003,Fake Tears
TM004,Agility
TM005,Mud-Slap
TM006,Scary Face
TM007,Protect
TM008,Fire Fang
TM009,Thunder Fang
TM010,Ice Fang
TM011,Water Pulse
TM012,Low Kick
TM013,Acid Spray
TM014,Acrobatics
TM015,Struggle Bug
TM016,Psybeam
TM017,Confuse Ray
TM018,Thief
TM019,Disarming Voice
TM020,Trailblaze
TM021,Pounce
TM022,Chilling Water
TM023,Charge Beam
TM024,Fire Spin
TM025,Facade
TM026,Poison Tail
TM027,Aerial Ace
TM028,Bulldoze
TM029,Hex
TM030,Snarl
TM031,Metal Claw
TM032,Swift
TM033,Magical Leaf
TM034,Icy Wind
TM035,Mud Shot
TM036,Rock Tomb
TM037,Draining Kiss
TM038,Flame Charge
TM039,Low Sweep
TM040,Air Cutter
TM041,Stored Power
TM042,Night Shade
TM043,Fling
TM044,Dragon Tail
TM045,Venoshock
TM046,Avalanche
TM047,Endure
TM048,Volt Switch
TM049,Sunny Day
TM050,Rain Dance
TM051,Sandstorm
TM052,Snowscape
TM053,Smart Strike
TM054,Psyshock
TM055,Dig
TM056,Bullet Seed
TM057,False Swipe
TM058,Brick Break
TM059,Zen Headbutt
TM060,U-turn
TM061,Shadow Claw
TM062,Foul Play
TM063,Psychic Fangs
TM064,Bulk Up
TM065,Air Slash
TM066,Body Slam
TM067,Fire Punch
TM068,Thunder Punch
TM069,Ice Punch
TM070,Sleep Talk
TM071,Seed Bomb
TM072,Electro Ball
TM073,Drain Punch
TM074,Reflect
TM075,Light Screen
TM076,Rock Blast
TM077,Waterfall
TM078,Dragon Claw
TM079,Dazzling Gleam
TM080,Metronome
TM081,Grass Knot
TM082,Thunder Wave
TM083,Poison Jab
TM084,Stomping Tantrum
TM085,Rest
TM086,Rock Slide
TM087,Taunt
TM088,Swords Dance
TM089,Body Press
TM090,Spikes
TM091,Toxic Spikes
TM092,Imprison
TM093,Flash Cannon
TM094,Dark Pulse
TM095,Leech Life
TM096,Eerie Impulse
TM097,Fly
TM098,Skill Swap
TM099,Iron Head
TM100,Dragon Dance
TM101,Power Gem
TM102,Gunk Shot
TM103,Substitute
TM104,Iron Defense
TM105,X-Scissor
TM106,Drill Run
TM107,Will-O-Wisp
TM108,Crunch
TM109,Trick
TM110,Liquidation
TM111,Giga Drain
TM112,Aura Sphere
TM113,Tailwind
TM114,Shadow Ball
TM115,Dragon Pulse
TM116,Stealth Rock
TM117,Hyper Voice
TM118,Heat Wave
TM119,Energy Ball
TM120,Psychic
TM121,Heavy Slam
TM122,Encore
TM123,Surf
TM124,Ice Spinner
TM125,Flamethrower
TM126,Thunderbolt
TM127,Play Rough
TM128,Amnesia
TM129,Calm Mind
TM130,Helping Hand
TM131,Pollen Puff
TM132,Baton Pass
TM133,Earth Power
TM134,Reversal
TM135,Ice Beam
TM136,Electric Terrain
TM137,Grassy Terrain
TM138,Psychic Terrain
TM139,Misty Terrain
TM140,Nasty Plot
TM141,Fire Blast
TM142,Hydro Pump
TM143,Blizzard
TM144,Fire Pledge
TM145,Water Pledge
TM146,Grass Pledge
TM147,Wild Charge
TM148,Sludge Bomb
TM149,Earthquake
TM150,Stone Edge
TM151,Phantom Force
TM152,Giga Impact
TM153,Blast Burn
TM154,Hydro Cannon
TM155,Frenzy Plant
TM156,Outrage
TM157,Overheat
TM158,Focus Blast
TM159,Leaf Storm
TM160,Hurricane
TM161,Trick Room
TM162,Bug Buzz
TM163,Hyper Beam
TM164,Brave Bird
TM165,Flare Blitz
TM166,Thunder
TM167,Close Combat
TM168,Solar Beam
TM169,Draco Meteor
TM170,Steel Beam
TM171,Tera Blast
TM172,Roar
TM173,Charge
TM174,Haze
TM175,Toxic
TM176,Sand Tomb
TM177,Spite
TM178,Gravity
TM179,Smack Down
TM180,Gyro Ball
TM181,Knock Off
TM182,Bug Bite
TM183,Super Fang
TM184,Vacuum Wave
TM185,Lunge
TM186,High Horsepower
TM187,Icicle Spear
TM188,Scald
TM189,Heat Crash
TM190,Solar Blade
TM191,Uproar
TM192,Focus Punch
TM193,Weather Ball
TM194,Grassy Glide
TM195,Burning Jealousy
TM196,Flip Turn
TM197,Dual Wingbeat
TM198,Poltergeist
TM199,Lash Out
TM200,Scale Shot
TM201,Misty Explosion
TM202,Pain Split
TM203,Psych Up
TM204,Double-Edge
TM205,Endeavor
TM206,Petal Blizzard
TM207,Temper Flare
TM208,Whirlpool
TM209,Muddy Water
TM210,Supercell Slam
TM211,Electroweb
TM212,Triple Axel
TM213,Coaching
TM214,Sludge Wave
TM215,Scorching Sands
TM216,Feather Dance
TM217,Future Sight
TM218,Expanding Force
TM219,Skitter Smack
TM220,Meteor Beam
TM221,Throat Chop
TM222,Breaking Swipe
TM223,Metal Sound
TM224,Curse
TM225,Hard Press
TM226,Dragon Cheer
TM227,Alluring Voice
TM228,Psychic Noise
TM229,Upper Hand
